-- phpMyAdmin SQL Dump
-- version 4.2.7.1
-- http://www.phpmyadmin.net
--
-- Host: 127.0.0.1
-- Generation Time: Mar 29, 2018 at 02:26 PM
-- Server version: 5.6.20
-- PHP Version: 5.5.15

SET SQL_MODE = "NO_AUTO_VALUE_ON_ZERO";
SET time_zone = "+00:00";


/*!40101 SET @OLD_CHARACTER_SET_CLIENT=@@CHARACTER_SET_CLIENT */;
/*!40101 SET @OLD_CHARACTER_SET_RESULTS=@@CHARACTER_SET_RESULTS */;
/*!40101 SET @OLD_COLLATION_CONNECTION=@@COLLATION_CONNECTION */;
/*!40101 SET NAMES utf8 */;

--
-- Database: `webogs`
--
CREATE DATABASE IF NOT EXISTS `webogs` DEFAULT CHARACTER SET latin1 COLLATE latin1_swedish_ci;
USE `webogs`;

-- --------------------------------------------------------

--
-- Table structure for table `api`
--

CREATE TABLE IF NOT EXISTS `api` (
`api_id` int(11) NOT NULL,
  `username` varchar(50) NOT NULL,
  `hash` varchar(255) NOT NULL,
  `sender` varchar(50) NOT NULL
) ENGINE=InnoDB  DEFAULT CHARSET=latin1 AUTO_INCREMENT=3 ;

--
-- Dumping data for table `api`
--

INSERT INTO `api` (`api_id`, `username`, `hash`, `sender`) VALUES
(2, 'noelmikecelocia@gmail.com', 'fc6e98b6cf21bb79d8d441901ba5c6f408794e9a10b31182151f48e4550573d7', 'CGVText');

-- --------------------------------------------------------

--
-- Table structure for table `basic_grade`
--

CREATE TABLE IF NOT EXISTS `basic_grade` (
`grade_id` int(11) NOT NULL,
  `stud_id` int(11) NOT NULL,
  `basic_subject_id` int(11) NOT NULL,
  `first_grading` varchar(2) NOT NULL,
  `second_grading` varchar(5) NOT NULL,
  `third_grading` varchar(2) NOT NULL,
  `fourth_grading` varchar(2) NOT NULL,
  `teacher_id` int(11) NOT NULL,
  `bin` tinyint(4) NOT NULL
) ENGINE=InnoDB  DEFAULT CHARSET=latin1 AUTO_INCREMENT=24 ;

--
-- Dumping data for table `basic_grade`
--

INSERT INTO `basic_grade` (`grade_id`, `stud_id`, `basic_subject_id`, `first_grading`, `second_grading`, `third_grading`, `fourth_grading`, `teacher_id`, `bin`) VALUES
(20, 20180001, 2, '75', '90', '75', '75', 20170005, 0),
(21, 20180001, 1, '0', '0', '0', '0', 20170005, 0),
(22, 20180008, 1, '0', '0', '0', '0', 20170005, 0),
(23, 20180012, 2, '0', '0', '0', '0', 20170005, 0);

-- --------------------------------------------------------

--
-- Table structure for table `basic_report`
--

CREATE TABLE IF NOT EXISTS `basic_report` (
  `report_id` int(11) NOT NULL DEFAULT '0',
  `stud_id` int(11) NOT NULL,
  `basic_subject_id` int(11) NOT NULL,
  `teacher_id` int(11) NOT NULL,
  `sy` varchar(50) NOT NULL,
  `old_grade` varchar(50) NOT NULL,
  `grade` varchar(50) NOT NULL,
  `period` varchar(50) NOT NULL,
  `message` text NOT NULL,
  `updated` varchar(50) NOT NULL
) ENGINE=InnoDB DEFAULT CHARSET=latin1;

-- --------------------------------------------------------

--
-- Table structure for table `basic_students`
--

CREATE TABLE IF NOT EXISTS `basic_students` (
`stud_id` int(11) NOT NULL,
  `fname` varchar(50) NOT NULL,
  `middle` varchar(50) NOT NULL,
  `lname` varchar(50) NOT NULL,
  `gender` varchar(50) NOT NULL,
  `age` int(11) NOT NULL,
  `contact_num` varchar(50) NOT NULL,
  `address` varchar(50) NOT NULL,
  `email` varchar(50) NOT NULL,
  `year_level` varchar(50) NOT NULL,
  `stud_image` varchar(50) NOT NULL,
  `dept` varchar(50) NOT NULL,
  `parent_id` int(11) NOT NULL
) ENGINE=InnoDB  DEFAULT CHARSET=latin1 AUTO_INCREMENT=20180013 ;

--
-- Dumping data for table `basic_students`
--

INSERT INTO `basic_students` (`stud_id`, `fname`, `middle`, `lname`, `gender`, `age`, `contact_num`, `address`, `email`, `year_level`, `stud_image`, `dept`, `parent_id`) VALUES
(20180001, 'Leons', 'A.', 'Aicolec', 'Male', 21, '2147483647', 'Talamban, Cebu City', 'yaya@gmail.com', '1st Year', 'b.jpg', 'elementary', 2002),
(20180008, '5454', 'N.', '2343', 'Male', 34, '45436546', '4543534', 'c@hotmail.com', '1st Year', 'user.png', 'high school', 2002),
(20180011, '1', 'N.', '1', 'Male', 1, '2147483647', '1', '', '1st Year', 'user.png', '', 2004),
(20180012, 'Ayay', 'A.', 'Yaya', 'Male', 34, '912345678', 'Talamban, Cebu City', '', 'grade11', 'user.png', 'senior high', 2004);

-- --------------------------------------------------------

--
-- Table structure for table `basic_student_subjects`
--

CREATE TABLE IF NOT EXISTS `basic_student_subjects` (
`id` int(11) NOT NULL,
  `stud_id` int(11) NOT NULL,
  `basic_subject_id` int(11) NOT NULL,
  `teacher_id` int(11) NOT NULL,
  `bin` smallint(6) NOT NULL
) ENGINE=InnoDB  DEFAULT CHARSET=latin1 AUTO_INCREMENT=19 ;

--
-- Dumping data for table `basic_student_subjects`
--

INSERT INTO `basic_student_subjects` (`id`, `stud_id`, `basic_subject_id`, `teacher_id`, `bin`) VALUES
(15, 20180001, 2, 20170005, 0),
(16, 20180001, 1, 20170005, 0),
(17, 20180008, 1, 20170005, 0),
(18, 20180012, 2, 20170005, 0);

-- --------------------------------------------------------

--
-- Table structure for table `basic_subjects`
--

CREATE TABLE IF NOT EXISTS `basic_subjects` (
`basic_subject_id` int(11) NOT NULL,
  `sub_name` varchar(50) NOT NULL,
  `teacher_id` int(11) NOT NULL,
  `sched` varchar(50) NOT NULL,
  `time_start` varchar(50) NOT NULL,
  `time_end` varchar(50) NOT NULL,
  `sy` varchar(50) NOT NULL,
  `semester` varchar(255) NOT NULL
) ENGINE=InnoDB  DEFAULT CHARSET=latin1 AUTO_INCREMENT=3 ;

--
-- Dumping data for table `basic_subjects`
--

INSERT INTO `basic_subjects` (`basic_subject_id`, `sub_name`, `teacher_id`, `sched`, `time_start`, `time_end`, `sy`, `semester`) VALUES
(1, 'samples', 20170005, 'Monday, Wednesday, Friday', '01:00 pm', '02:00 pm', '2017-2018', ''),
(2, 'math', 20170005, 'Monday, Wednesday, Friday', '13:00', '14:00', '2017-2018', '2nd Semester');

-- --------------------------------------------------------

--
-- Table structure for table `basic_time_frame`
--

CREATE TABLE IF NOT EXISTS `basic_time_frame` (
`tf_id` int(11) NOT NULL,
  `from_date` varchar(50) NOT NULL,
  `to_date` varchar(50) NOT NULL,
  `term` varchar(50) NOT NULL,
  `status` varchar(50) NOT NULL
) ENGINE=InnoDB  DEFAULT CHARSET=latin1 AUTO_INCREMENT=5 ;

--
-- Dumping data for table `basic_time_frame`
--

INSERT INTO `basic_time_frame` (`tf_id`, `from_date`, `to_date`, `term`, `status`) VALUES
(1, '2018-03-23', '2018-03-24', 'FIRST GRADING', 'true'),
(2, '2018-03-20', '2018-03-21', 'SECOND GRADING', 'false'),
(3, '2018-03-20', '2018-03-21', 'THIRD GRADING', 'false'),
(4, '2018-03-20', '2018-03-21', 'FOURTH GRADING', 'false');

-- --------------------------------------------------------

--
-- Table structure for table `deans_list`
--

CREATE TABLE IF NOT EXISTS `deans_list` (
`id` int(11) NOT NULL,
  `stud_id` int(11) NOT NULL,
  `period` varchar(50) NOT NULL,
  `sy` varchar(50) NOT NULL,
  `semester` varchar(255) NOT NULL
) ENGINE=InnoDB  DEFAULT CHARSET=latin1 AUTO_INCREMENT=2160 ;

--
-- Dumping data for table `deans_list`
--

INSERT INTO `deans_list` (`id`, `stud_id`, `period`, `sy`, `semester`) VALUES
(389, 100016, 'prelim', '2014-2015', '1st Semester'),
(392, 100016, 'midterm', '2014-2015', '1st Semester'),
(393, 100016, 'semifinal', '2014-2015', '1st Semester'),
(394, 100016, 'final', '2014-2015', '1st Semester'),
(406, 100015, 'prelim', '2014-2015', '1st Semester'),
(407, 100015, 'semifinal', '2014-2015', '1st Semester'),
(408, 100015, 'midterm', '2014-2015', '1st Semester'),
(409, 100015, 'final', '2014-2015', '1st Semester'),
(586, 100030, 'prelim', '2014-2015', '1st Semester'),
(587, 100037, 'prelim', '2014-2015', '1st Semester'),
(588, 100038, 'prelim', '2014-2015', '1st Semester'),
(589, 100011, 'prelim', '2014-2015', '1st Semester'),
(590, 100036, 'midterm', '2014-2015', '1st Semester'),
(591, 100030, 'midterm', '2014-2015', '1st Semester'),
(592, 100036, 'semifinal', '2014-2015', '1st Semester'),
(593, 100036, 'final', '2014-2015', '1st Semester'),
(594, 100030, 'semifinal', '2014-2015', '1st Semester'),
(595, 100030, 'final', '2014-2015', '1st Semester'),
(596, 100037, 'midterm', '2014-2015', '1st Semester'),
(597, 100037, 'semifinal', '2014-2015', '1st Semester'),
(598, 100037, 'final', '2014-2015', '1st Semester'),
(599, 100038, 'midterm', '2014-2015', '1st Semester'),
(600, 100038, 'semifinal', '2014-2015', '1st Semester'),
(601, 100038, 'final', '2014-2015', '1st Semester'),
(602, 100011, 'midterm', '2014-2015', '1st Semester'),
(603, 100011, 'semifinal', '2014-2015', '1st Semester'),
(604, 100011, 'final', '2014-2015', '1st Semester'),
(742, 100036, 'midterm', '2014-2015', '2nd Semester'),
(743, 100036, 'semifinal', '2014-2015', '2nd Semester'),
(744, 100036, 'final', '2014-2015', '2nd Semester'),
(746, 100030, 'prelim', '2014-2015', '2nd Semester'),
(747, 100030, 'midterm', '2014-2015', '2nd Semester'),
(748, 100030, 'semifinal', '2014-2015', '2nd Semester'),
(749, 100030, 'final', '2014-2015', '2nd Semester'),
(750, 100037, 'prelim', '2014-2015', '2nd Semester'),
(751, 100037, 'midterm', '2014-2015', '2nd Semester'),
(752, 100037, 'semifinal', '2014-2015', '2nd Semester'),
(753, 100037, 'final', '2014-2015', '2nd Semester'),
(754, 100038, 'prelim', '2014-2015', '2nd Semester'),
(755, 100038, 'midterm', '2014-2015', '2nd Semester'),
(756, 100038, 'semifinal', '2014-2015', '2nd Semester'),
(757, 100038, 'final', '2014-2015', '2nd Semester'),
(758, 100011, 'prelim', '2014-2015', '2nd Semester'),
(759, 100011, 'midterm', '2014-2015', '2nd Semester'),
(760, 100011, 'semifinal', '2014-2015', '2nd Semester'),
(761, 100011, 'final', '2014-2015', '2nd Semester'),
(921, 100030, 'prelim', '2015-2016', '1st Semester'),
(922, 100037, 'prelim', '2015-2016', '1st Semester'),
(923, 100038, 'prelim', '2015-2016', '1st Semester'),
(924, 100011, 'prelim', '2015-2016', '1st Semester'),
(925, 100036, 'midterm', '2015-2016', '1st Semester'),
(926, 100036, 'semifinal', '2015-2016', '1st Semester'),
(928, 100030, 'midterm', '2015-2016', '1st Semester'),
(929, 100030, 'semifinal', '2015-2016', '1st Semester'),
(930, 100036, 'final', '2015-2016', '1st Semester'),
(931, 100030, 'final', '2015-2016', '1st Semester'),
(932, 100037, 'midterm', '2015-2016', '1st Semester'),
(933, 100037, 'semifinal', '2015-2016', '1st Semester'),
(934, 100037, 'final', '2015-2016', '1st Semester'),
(935, 100038, 'midterm', '2015-2016', '1st Semester'),
(936, 100038, 'semifinal', '2015-2016', '1st Semester'),
(937, 100038, 'final', '2015-2016', '1st Semester'),
(938, 100011, 'midterm', '2015-2016', '1st Semester'),
(939, 100011, 'semifinal', '2015-2016', '1st Semester'),
(940, 100011, 'final', '2015-2016', '1st Semester'),
(1066, 100030, 'prelim', '2015-2016', '2nd Semester'),
(1067, 100030, 'midterm', '2015-2016', '2nd Semester'),
(1068, 100030, 'semifinal', '2015-2016', '2nd Semester'),
(1069, 100030, 'final', '2015-2016', '2nd Semester'),
(1070, 100036, 'midterm', '2015-2016', '2nd Semester'),
(1071, 100036, 'semifinal', '2015-2016', '2nd Semester'),
(1072, 100036, 'final', '2015-2016', '2nd Semester'),
(1073, 100037, 'prelim', '2015-2016', '2nd Semester'),
(1074, 100037, 'midterm', '2015-2016', '2nd Semester'),
(1075, 100037, 'semifinal', '2015-2016', '2nd Semester'),
(1076, 100037, 'final', '2015-2016', '2nd Semester'),
(1077, 100038, 'prelim', '2015-2016', '2nd Semester'),
(1078, 100038, 'midterm', '2015-2016', '2nd Semester'),
(1079, 100038, 'semifinal', '2015-2016', '2nd Semester'),
(1080, 100038, 'final', '2015-2016', '2nd Semester'),
(1083, 100011, 'prelim', '2015-2016', '2nd Semester'),
(1084, 100011, 'midterm', '2015-2016', '2nd Semester'),
(1085, 100011, 'semifinal', '2015-2016', '2nd Semester'),
(1086, 100011, 'final', '2015-2016', '2nd Semester'),
(1245, 100036, 'midterm', '2016-2017', '1st Semester'),
(1246, 100036, 'semifinal', '2016-2017', '1st Semester'),
(1247, 100036, 'final', '2016-2017', '1st Semester'),
(1248, 100019, 'prelim', '2016-2017', '1st Semester'),
(1249, 100019, 'midterm', '2016-2017', '1st Semester'),
(1250, 100019, 'semifinal', '2016-2017', '1st Semester'),
(1251, 100019, 'final', '2016-2017', '1st Semester'),
(1252, 100030, 'prelim', '2016-2017', '1st Semester'),
(1253, 100030, 'midterm', '2016-2017', '1st Semester'),
(1254, 100030, 'semifinal', '2016-2017', '1st Semester'),
(1255, 100030, 'final', '2016-2017', '1st Semester'),
(1256, 100037, 'prelim', '2016-2017', '1st Semester'),
(1257, 100037, 'midterm', '2016-2017', '1st Semester'),
(1258, 100037, 'semifinal', '2016-2017', '1st Semester'),
(1259, 100037, 'final', '2016-2017', '1st Semester'),
(1261, 100038, 'midterm', '2016-2017', '1st Semester'),
(1262, 100038, 'prelim', '2016-2017', '1st Semester'),
(1263, 100038, 'semifinal', '2016-2017', '1st Semester'),
(1264, 100038, 'final', '2016-2017', '1st Semester'),
(1266, 100011, 'prelim', '2016-2017', '1st Semester'),
(1267, 100011, 'midterm', '2016-2017', '1st Semester'),
(1268, 100011, 'semifinal', '2016-2017', '1st Semester'),
(1269, 100011, 'final', '2016-2017', '1st Semester'),
(1445, 100036, 'midterm', '2016-2017', '2nd Semester'),
(1446, 100036, 'semifinal', '2016-2017', '2nd Semester'),
(1447, 100036, 'final', '2016-2017', '2nd Semester'),
(1448, 100019, 'prelim', '2016-2017', '2nd Semester'),
(1449, 100019, 'midterm', '2016-2017', '2nd Semester'),
(1450, 100019, 'semifinal', '2016-2017', '2nd Semester'),
(1451, 100019, 'final', '2016-2017', '2nd Semester'),
(1452, 100030, 'prelim', '2016-2017', '2nd Semester'),
(1453, 100030, 'midterm', '2016-2017', '2nd Semester'),
(1454, 100030, 'semifinal', '2016-2017', '2nd Semester'),
(1455, 100030, 'final', '2016-2017', '2nd Semester'),
(1456, 100037, 'prelim', '2016-2017', '2nd Semester'),
(1457, 100037, 'midterm', '2016-2017', '2nd Semester'),
(1458, 100037, 'semifinal', '2016-2017', '2nd Semester'),
(1459, 100037, 'final', '2016-2017', '2nd Semester'),
(1460, 100038, 'prelim', '2016-2017', '2nd Semester'),
(1461, 100038, 'midterm', '2016-2017', '2nd Semester'),
(1462, 100038, 'semifinal', '2016-2017', '2nd Semester'),
(1463, 100038, 'final', '2016-2017', '2nd Semester'),
(1464, 100011, 'prelim', '2016-2017', '2nd Semester'),
(1465, 100011, 'midterm', '2016-2017', '2nd Semester'),
(1466, 100011, 'semifinal', '2016-2017', '2nd Semester'),
(1467, 100011, 'final', '2016-2017', '2nd Semester'),
(1595, 100011, 'prelim', '2017-2018', '1st Semester'),
(1596, 100011, 'midterm', '2017-2018', '1st Semester'),
(1597, 100011, 'semifinal', '2017-2018', '1st Semester'),
(1598, 100011, 'final', '2017-2018', '1st Semester'),
(1599, 100038, 'prelim', '2017-2018', '1st Semester'),
(1600, 100038, 'midterm', '2017-2018', '1st Semester'),
(1601, 100038, 'semifinal', '2017-2018', '1st Semester'),
(1602, 100038, 'final', '2017-2018', '1st Semester'),
(1603, 100037, 'prelim', '2017-2018', '1st Semester'),
(1604, 100037, 'midterm', '2017-2018', '1st Semester'),
(1605, 100037, 'semifinal', '2017-2018', '1st Semester'),
(1606, 100037, 'final', '2017-2018', '1st Semester'),
(1607, 100030, 'prelim', '2017-2018', '1st Semester'),
(1608, 100030, 'midterm', '2017-2018', '1st Semester'),
(1609, 100030, 'semifinal', '2017-2018', '1st Semester'),
(1610, 100030, 'final', '2017-2018', '1st Semester'),
(1612, 100036, 'midterm', '2017-2018', '1st Semester'),
(1613, 100036, 'semifinal', '2017-2018', '1st Semester'),
(1614, 100036, 'final', '2017-2018', '1st Semester'),
(1615, 100035, 'prelim', '2017-2018', '2nd Semester'),
(1616, 100035, 'midterm', '2017-2018', '2nd Semester'),
(1617, 100035, 'semifinal', '2017-2018', '2nd Semester'),
(1618, 100041, 'prelim', '2017-2018', '2nd Semester'),
(1619, 100041, 'midterm', '2017-2018', '2nd Semester'),
(1620, 100041, 'semifinal', '2017-2018', '2nd Semester'),
(1621, 100014, 'prelim', '2017-2018', '2nd Semester'),
(1622, 100014, 'midterm', '2017-2018', '2nd Semester'),
(1623, 100014, 'semifinal', '2017-2018', '2nd Semester'),
(1631, 100016, 'prelim', '2017-2018', '2nd Semester'),
(1632, 100016, 'midterm', '2017-2018', '2nd Semester'),
(1633, 100016, 'semifinal', '2017-2018', '2nd Semester'),
(1641, 100019, 'midterm', '2017-2018', '2nd Semester'),
(1644, 100019, 'semifinal', '2017-2018', '2nd Semester'),
(1645, 100028, 'prelim', '2017-2018', '2nd Semester'),
(1646, 100028, 'midterm', '2017-2018', '2nd Semester'),
(1647, 100028, 'semifinal', '2017-2018', '2nd Semester'),
(1650, 100039, 'semifinal', '2017-2018', '2nd Semester'),
(1663, 100040, 'prelim', '2017-2018', '2nd Semester'),
(1664, 100040, 'midterm', '2017-2018', '2nd Semester'),
(1665, 100040, 'semifinal', '2017-2018', '2nd Semester'),
(1678, 100029, 'prelim', '2017-2018', '2nd Semester'),
(1679, 100029, 'midterm', '2017-2018', '2nd Semester'),
(1680, 100029, 'semifinal', '2017-2018', '2nd Semester'),
(1684, 100015, 'prelim', '2017-2018', '2nd Semester'),
(1685, 100015, 'midterm', '2017-2018', '2nd Semester'),
(1686, 100015, 'semifinal', '2017-2018', '2nd Semester'),
(1705, 100039, 'prelim', '2017-2018', '2nd Semester'),
(1706, 100039, 'midterm', '2017-2018', '2nd Semester'),
(1710, 100027, 'semifinal', '2017-2018', '2nd Semester'),
(1712, 100027, 'midterm', '2017-2018', '2nd Semester'),
(1713, 100027, 'prelim', '2017-2018', '2nd Semester'),
(1724, 100020, 'prelim', '2017-2018', '2nd Semester'),
(1725, 100020, 'midterm', '2017-2018', '2nd Semester'),
(1726, 100020, 'semifinal', '2017-2018', '2nd Semester'),
(1727, 100033, 'prelim', '2017-2018', '2nd Semester'),
(1728, 100033, 'midterm', '2017-2018', '2nd Semester'),
(1729, 100033, 'semifinal', '2017-2018', '2nd Semester'),
(1730, 100022, 'prelim', '2017-2018', '2nd Semester'),
(1731, 100022, 'midterm', '2017-2018', '2nd Semester'),
(1732, 100022, 'semifinal', '2017-2018', '2nd Semester'),
(1733, 100034, 'prelim', '2017-2018', '2nd Semester'),
(1734, 100034, 'midterm', '2017-2018', '2nd Semester'),
(1735, 100034, 'semifinal', '2017-2018', '2nd Semester'),
(1736, 100021, 'prelim', '2017-2018', '2nd Semester'),
(1737, 100021, 'midterm', '2017-2018', '2nd Semester'),
(1739, 100021, 'semifinal', '2017-2018', '2nd Semester'),
(1740, 100025, 'prelim', '2017-2018', '2nd Semester'),
(1741, 100025, 'midterm', '2017-2018', '2nd Semester'),
(1742, 100025, 'semifinal', '2017-2018', '2nd Semester'),
(1743, 100012, 'prelim', '2017-2018', '2nd Semester'),
(1744, 100012, 'midterm', '2017-2018', '2nd Semester'),
(1745, 100012, 'semifinal', '2017-2018', '2nd Semester'),
(1746, 100024, 'prelim', '2017-2018', '2nd Semester'),
(1747, 100024, 'midterm', '2017-2018', '2nd Semester'),
(1748, 100024, 'semifinal', '2017-2018', '2nd Semester'),
(1749, 100013, 'prelim', '2017-2018', '2nd Semester'),
(1750, 100013, 'midterm', '2017-2018', '2nd Semester'),
(1751, 100013, 'semifinal', '2017-2018', '2nd Semester'),
(1761, 100026, 'prelim', '2017-2018', '2nd Semester'),
(1762, 100026, 'midterm', '2017-2018', '2nd Semester'),
(1763, 100026, 'semifinal', '2017-2018', '2nd Semester'),
(1765, 100018, 'midterm', '2017-2018', '2nd Semester'),
(1766, 100018, 'semifinal', '2017-2018', '2nd Semester'),
(1767, 100018, 'prelim', '2017-2018', '2nd Semester'),
(1768, 100023, 'midterm', '2017-2018', '2nd Semester'),
(1769, 100023, 'prelim', '2017-2018', '2nd Semester'),
(1770, 100023, 'semifinal', '2017-2018', '2nd Semester'),
(1771, 100017, 'prelim', '2017-2018', '2nd Semester'),
(1772, 100017, 'midterm', '2017-2018', '2nd Semester'),
(1773, 100017, 'semifinal', '2017-2018', '2nd Semester'),
(1775, 100036, 'midterm', '2017-2018', '2nd Semester'),
(1776, 100036, 'semifinal', '2017-2018', '2nd Semester'),
(1777, 100030, 'prelim', '2017-2018', '2nd Semester'),
(1778, 100030, 'midterm', '2017-2018', '2nd Semester'),
(1779, 100030, 'semifinal', '2017-2018', '2nd Semester'),
(1780, 100037, 'prelim', '2017-2018', '2nd Semester'),
(1781, 100037, 'midterm', '2017-2018', '2nd Semester'),
(1782, 100037, 'semifinal', '2017-2018', '2nd Semester'),
(1783, 100038, 'prelim', '2017-2018', '2nd Semester'),
(1785, 100038, 'semifinal', '2017-2018', '2nd Semester'),
(1786, 100011, 'prelim', '2017-2018', '2nd Semester'),
(1787, 100038, 'midterm', '2017-2018', '2nd Semester'),
(1788, 100011, 'midterm', '2017-2018', '2nd Semester'),
(1789, 100011, 'semifinal', '2017-2018', '2nd Semester'),
(1790, 100019, 'prelim', '2017-2018', '2nd Semester'),
(1819, 100034, 'prelim', '2014-2015', '1st Semester'),
(1820, 100034, 'midterm', '2014-2015', '1st Semester'),
(1821, 100034, 'semifinal', '2014-2015', '1st Semester'),
(1822, 100034, 'final', '2014-2015', '1st Semester'),
(1841, 100035, 'prelim', '2014-2015', '1st Semester'),
(1842, 100035, 'midterm', '2014-2015', '1st Semester'),
(1843, 100035, 'semifinal', '2014-2015', '1st Semester'),
(1844, 100035, 'final', '2014-2015', '1st Semester'),
(1850, 100019, 'prelim', '2014-2015', '1st Semester'),
(1851, 100019, 'midterm', '2014-2015', '1st Semester'),
(1852, 100019, 'semifinal', '2014-2015', '1st Semester'),
(1853, 100019, 'final', '2014-2015', '1st Semester'),
(1882, 100032, 'prelim', '2014-2015', '1st Semester'),
(1883, 100032, 'midterm', '2014-2015', '1st Semester'),
(1884, 100032, 'semifinal', '2014-2015', '1st Semester'),
(1885, 100032, 'final', '2014-2015', '1st Semester'),
(1903, 100019, 'prelim', '2014-2015', '2nd Semester'),
(1904, 100019, 'midterm', '2014-2015', '2nd Semester'),
(1905, 100019, 'semifinal', '2014-2015', '2nd Semester'),
(1906, 100019, 'final', '2014-2015', '2nd Semester'),
(1915, 100024, 'prelim', '2014-2015', '2nd Semester'),
(1916, 100024, 'midterm', '2014-2015', '2nd Semester'),
(1917, 100024, 'semifinal', '2014-2015', '2nd Semester'),
(1918, 100024, 'final', '2014-2015', '2nd Semester'),
(1919, 100032, 'prelim', '2014-2015', '2nd Semester'),
(1920, 100032, 'midterm', '2014-2015', '2nd Semester'),
(1921, 100032, 'semifinal', '2014-2015', '2nd Semester'),
(1922, 100032, 'final', '2014-2015', '2nd Semester'),
(1940, 100024, 'prelim', '2017-2018', '1st Semester'),
(1941, 100024, 'midterm', '2017-2018', '1st Semester'),
(1942, 100024, 'semifinal', '2017-2018', '1st Semester'),
(1943, 100024, 'final', '2017-2018', '1st Semester'),
(1961, 100032, 'prelim', '2017-2018', '2nd Semester'),
(1962, 100032, 'midterm', '2017-2018', '2nd Semester'),
(1963, 100032, 'semifinal', '2017-2018', '2nd Semester'),
(1968, 100025, 'prelim', '2017-2018', '1st Semester'),
(1969, 100025, 'midterm', '2017-2018', '1st Semester'),
(1970, 100025, 'semifinal', '2017-2018', '1st Semester'),
(1971, 100025, 'final', '2017-2018', '1st Semester'),
(1972, 100032, 'prelim', '2017-2018', '1st Semester'),
(1973, 100032, 'midterm', '2017-2018', '1st Semester'),
(1974, 100032, 'semifinal', '2017-2018', '1st Semester'),
(1975, 100032, 'final', '2017-2018', '1st Semester'),
(2026, 100025, 'prelim', '2016-2017', '2nd Semester'),
(2027, 100025, 'midterm', '2016-2017', '2nd Semester'),
(2028, 100025, 'semifinal', '2016-2017', '2nd Semester'),
(2029, 100025, 'final', '2016-2017', '2nd Semester'),
(2030, 100024, 'prelim', '2016-2017', '2nd Semester'),
(2031, 100024, 'midterm', '2016-2017', '2nd Semester'),
(2032, 100024, 'semifinal', '2016-2017', '2nd Semester'),
(2033, 100024, 'final', '2016-2017', '2nd Semester'),
(2034, 100032, 'prelim', '2016-2017', '2nd Semester'),
(2035, 100032, 'midterm', '2016-2017', '2nd Semester'),
(2036, 100032, 'semifinal', '2016-2017', '2nd Semester'),
(2037, 100032, 'final', '2016-2017', '2nd Semester'),
(2039, 100024, 'prelim', '2016-2017', '1st Semester'),
(2040, 100024, 'midterm', '2016-2017', '1st Semester'),
(2041, 100024, 'semifinal', '2016-2017', '1st Semester'),
(2042, 100024, 'final', '2016-2017', '1st Semester'),
(2043, 100025, 'prelim', '2016-2017', '1st Semester'),
(2044, 100025, 'midterm', '2016-2017', '1st Semester'),
(2045, 100025, 'semifinal', '2016-2017', '1st Semester'),
(2046, 100025, 'final', '2016-2017', '1st Semester'),
(2047, 100032, 'prelim', '2016-2017', '1st Semester'),
(2048, 100032, 'midterm', '2016-2017', '1st Semester'),
(2049, 100032, 'semifinal', '2016-2017', '1st Semester'),
(2050, 100032, 'final', '2016-2017', '1st Semester'),
(2063, 100019, 'prelim', '2015-2016', '1st Semester'),
(2064, 100019, 'midterm', '2015-2016', '1st Semester'),
(2065, 100019, 'semifinal', '2015-2016', '1st Semester'),
(2066, 100019, 'final', '2015-2016', '1st Semester'),
(2092, 100025, 'prelim', '2015-2016', '1st Semester'),
(2093, 100025, 'midterm', '2015-2016', '1st Semester'),
(2094, 100025, 'semifinal', '2015-2016', '1st Semester'),
(2095, 100025, 'final', '2015-2016', '1st Semester'),
(2096, 100024, 'prelim', '2015-2016', '1st Semester'),
(2097, 100024, 'midterm', '2015-2016', '1st Semester'),
(2098, 100024, 'semifinal', '2015-2016', '1st Semester'),
(2099, 100024, 'final', '2015-2016', '1st Semester'),
(2101, 100032, 'prelim', '2015-2016', '1st Semester'),
(2102, 100032, 'midterm', '2015-2016', '1st Semester'),
(2103, 100032, 'semifinal', '2015-2016', '1st Semester'),
(2104, 100032, 'final', '2015-2016', '1st Semester'),
(2143, 100025, 'prelim', '2015-2016', '2nd Semester'),
(2144, 100025, 'midterm', '2015-2016', '2nd Semester'),
(2145, 100025, 'semifinal', '2015-2016', '2nd Semester'),
(2146, 100025, 'final', '2015-2016', '2nd Semester'),
(2147, 100024, 'prelim', '2015-2016', '2nd Semester'),
(2148, 100024, 'semifinal', '2015-2016', '2nd Semester'),
(2149, 100024, 'midterm', '2015-2016', '2nd Semester'),
(2150, 100024, 'final', '2015-2016', '2nd Semester'),
(2151, 100032, 'prelim', '2015-2016', '2nd Semester'),
(2152, 100032, 'midterm', '2015-2016', '2nd Semester'),
(2153, 100032, 'semifinal', '2015-2016', '2nd Semester'),
(2154, 100032, 'final', '2015-2016', '2nd Semester'),
(2155, 100024, 'prelim', '2014-2015', '1st Semester'),
(2156, 100024, 'midterm', '2014-2015', '1st Semester'),
(2157, 100024, 'semifinal', '2014-2015', '1st Semester'),
(2158, 100024, 'final', '2014-2015', '1st Semester'),
(2159, 100036, 'prelim', '2017-2018', '1st Semester');

-- --------------------------------------------------------

--
-- Table structure for table `grades`
--

CREATE TABLE IF NOT EXISTS `grades` (
`grade_id` int(11) NOT NULL,
  `stud_id` int(11) NOT NULL,
  `sub_id` int(11) NOT NULL,
  `prelim` varchar(50) NOT NULL,
  `midterm` varchar(50) NOT NULL,
  `semi_final` varchar(50) NOT NULL,
  `final` varchar(50) NOT NULL,
  `teacher_id` int(11) NOT NULL,
  `bin` tinyint(1) NOT NULL
) ENGINE=InnoDB  DEFAULT CHARSET=latin1 AUTO_INCREMENT=705 ;

--
-- Dumping data for table `grades`
--

INSERT INTO `grades` (`grade_id`, `stud_id`, `sub_id`, `prelim`, `midterm`, `semi_final`, `final`, `teacher_id`, `bin`) VALUES
(264, 100011, 79, '1.6', '1.6', '1.6', '1.6', 20170015, 0),
(265, 100015, 79, '1.6', '1.6', '1.6', '1.6', 20170015, 0),
(266, 100032, 79, '1.3', '1.3', '1.3', '1.3', 20170015, 0),
(267, 100016, 79, '1.2', '1.3', '1.5', '1.5', 20170015, 0),
(268, 100030, 79, '1.5', '1.5', '1.5', '1.5', 20170015, 0),
(269, 100034, 79, '1.4', '1.4', '1.4', '1.4', 20170015, 0),
(270, 100038, 79, '1.5', '1.5', '1.5', '1.5', 20170015, 0),
(271, 100036, 79, '1.2', '1.2', '1.3', '1.4', 20170015, 0),
(272, 100037, 79, '1.4', '1.3', '1.3', '1.5', 20170015, 0),
(273, 100019, 79, '1.2', '1.2', '1.2', '1.2', 20170015, 0),
(274, 100030, 76, '1.5', '1.5', '1.5', '1.5', 20170005, 0),
(275, 100011, 76, '1.4', '1.4', '1.4', '1.4', 20170005, 0),
(276, 100019, 76, '1.6', '1.5', '1.4', '1.4', 20170005, 0),
(277, 100038, 76, '1.5', '1.5', '1.5', '1.5', 20170005, 0),
(278, 100036, 76, '1.2', '1.2', '1.2', '1.2', 20170005, 0),
(279, 100037, 76, '1.2', '1.1', '1.2', '1.2', 20170005, 0),
(280, 100030, 77, '1.5', '1.4', '1.3', '1.4', 20170005, 0),
(281, 100038, 77, '1.2', '1.2', '1.2', '1.2', 20170005, 0),
(282, 100036, 77, '1.3', '1.3', '1.3', '1.3', 20170005, 0),
(283, 100011, 77, '1.5', '1.3', '1.6', '1.3', 20170005, 0),
(284, 100037, 77, '1.2', '1.5', '1.2', '1.3', 20170005, 0),
(285, 100030, 82, '1.5', '1.3', '1.3', '1.4', 20170016, 0),
(286, 100011, 82, '1.2', '1.2', '1.2', '1.2', 20170016, 0),
(287, 100038, 82, '1.5', '1.2', '1.2', '1.2', 20170016, 0),
(288, 100036, 82, '1.2', '1.2', '1.2', '1.2', 20170016, 0),
(289, 100037, 82, '1.5', '1.5', '1.5', '1.5', 20170016, 0),
(290, 100024, 84, '1.2', '1.5', '1.6', '1.4', 20170011, 0),
(291, 100032, 84, '1.3', '1.3', '1.3', '1.3', 20170011, 0),
(292, 100030, 80, '1.2', '1.5', '1.3', '1.4', 20170015, 0),
(293, 100011, 80, '1.2', '1.2', '1.2', '1.2', 20170015, 0),
(294, 100019, 80, '1.2', '1.5', '1.3', '1.3', 20170015, 0),
(295, 100036, 80, '1.2', '1.3', '1.3', '1.3', 20170015, 0),
(296, 100038, 80, '1.2', '1.2', '1.2', '1.2', 20170015, 0),
(297, 100037, 80, '1.2', '1.4', '1.4', '1.3', 20170015, 0),
(298, 100030, 83, '1.5', '1.2', '1.2', '1.2', 20170016, 0),
(299, 100036, 83, '1.5', '1.2', '1.3', '1.3', 20170016, 0),
(300, 100038, 83, '1.5', '1.5', '1.3', '1.5', 20170016, 0),
(301, 100011, 83, '1.5', '1.5', '1.5', '1.5', 20170016, 0),
(302, 100037, 83, '1.3', '1.3', '1.3', '1.3', 20170016, 0),
(303, 100030, 81, '1.3', '1.3', '1.3', '1.3', 20170016, 0),
(304, 100011, 81, '1.5', '1.3', '1.3', '1.3', 20170016, 0),
(305, 100019, 81, '1.5', '1.3', '1.3', '1.3', 20170016, 0),
(306, 100036, 81, '1.5', '1.2', '1.2', '1.3', 20170016, 0),
(307, 100037, 81, '1.5', '1.5', '1.5', '1.5', 20170016, 0),
(308, 100038, 81, '1.5', '1.5', '1.5', '1.5', 20170016, 0),
(309, 100030, 78, '1.2', '1.2', '1.2', '1.2', 20170011, 0),
(310, 100036, 78, '1.2', '1.2', '1.2', '1.2', 20170011, 0),
(311, 100038, 78, '1.2', '1.2', '1.2', '1.2', 20170011, 0),
(312, 100037, 78, '1.2', '1.2', '1.2', '1.2', 20170011, 0),
(313, 100011, 78, '1.2', '1.2', '1.2', '1.2', 20170011, 0),
(314, 100011, 87, '1.2', '1.2', '1.2', '1.2', 20170015, 0),
(315, 100030, 87, '1.2', '1.2', '1.2', '1.2', 20170015, 0),
(316, 100037, 87, '1.2', '1.2', '1.2', '1.2', 20170015, 0),
(317, 100038, 87, '1.2', '1.2', '1.2', '1.2', 20170015, 0),
(318, 100019, 87, '1.2', '1.2', '1.2', '1.2', 20170015, 0),
(319, 100032, 87, '1.2', '1.2', '1.2', '1.2', 20170015, 0),
(320, 100036, 87, '1.2', '1.2', '1.2', '1.2', 20170015, 0),
(321, 100011, 85, '1.3', '1.3', '1.3', '1.3', 20170005, 0),
(322, 100019, 85, '1.3', '1.3', '1.3', '1.3', 20170005, 0),
(323, 100030, 85, '1.3', '1.3', '1.3', '1.3', 20170005, 0),
(324, 100038, 85, '1.3', '1.3', '1.3', '1.3', 20170005, 0),
(325, 100036, 85, '1.2', '1.2', '1.2', '1.2', 20170005, 0),
(326, 100037, 85, '1.3', '1.3', '1.3', '1.3', 20170005, 0),
(327, 100011, 86, '1.3', '1.3', '1.3', '1.3', 20170005, 0),
(328, 100030, 86, '1.3', '1.3', '1.3', '1.3', 20170005, 0),
(329, 100037, 86, '1.3', '1.3', '1.3', '1.3', 20170005, 0),
(330, 100038, 86, '1.3', '1.3', '1.3', '1.3', 20170005, 0),
(331, 100036, 86, '1.3', '1.3', '1.3', '1.3', 20170005, 0),
(332, 100011, 89, '1.4', '1.4', '1.4', '1.4', 20170005, 0),
(333, 100030, 89, '1.4', '1.4', '1.4', '1.4', 20170005, 0),
(334, 100036, 89, '1.4', '1.4', '1.4', '1.4', 20170005, 0),
(335, 100037, 89, '1.4', '1.4', '1.4', '1.4', 20170005, 0),
(336, 100038, 89, '1.4', '1.4', '1.4', '1.4', 20170005, 0),
(337, 100011, 90, '1.4', '1.4', '1.4', '1.4', 20170005, 0),
(338, 100030, 90, '1.4', '1.4', '1.4', '1.4', 20170005, 0),
(339, 100038, 90, '1.4', '1.4', '1.4', '1.4', 20170005, 0),
(340, 100037, 90, '1.4', '1.4', '1.4', '1.4', 20170005, 0),
(341, 100036, 90, '1.4', '1.4', '1.4', '1.4', 20170005, 0),
(342, 100011, 91, '1.4', '1.4', '1.4', '1.4', 20170005, 0),
(343, 100030, 91, '1.4', '1.4', '1.4', '1.4', 20170005, 0),
(344, 100038, 91, '1.4', '1.4', '1.4', '1.4', 20170005, 0),
(345, 100037, 91, '1.4', '1.4', '1.4', '1.4', 20170005, 0),
(346, 100036, 91, '1.4', '1.4', '1.4', '1.4', 20170005, 0),
(347, 100011, 88, '1.5', '1.5', '1.5', '1.5', 20170017, 0),
(348, 100030, 88, '1.5', '1.5', '1.5', '1.5', 20170017, 0),
(349, 100037, 88, '1.5', '1.5', '1.5', '1.5', 20170017, 0),
(350, 100036, 88, '1.5', '1.5', '1.5', '1.5', 20170017, 0),
(351, 100038, 88, '1.5', '1.5', '1.5', '1.5', 20170017, 0),
(352, 100011, 98, '1.5', '1.5', '1.5', '1.5', 20170015, 0),
(353, 100019, 98, '1.2', '1.2', '1.2', '1.2', 20170015, 0),
(354, 100030, 98, '1.5', '1.3', '1.3', '1.3', 20170015, 0),
(355, 100032, 98, '1.2', '1.2', '1.2', '1.2', 20170015, 0),
(356, 100038, 98, '1.5', '1.5', '1.5', '1.5', 20170015, 0),
(357, 100037, 98, '1.2', '1.2', '1.2', '1.2', 20170015, 0),
(358, 100036, 98, '1.5', '1.5', '1.5', '1.5', 20170015, 0),
(359, 100011, 93, '1.3', '1.3', '1.3', '1.3', 20170005, 0),
(360, 100019, 93, '1.3', '1.3', '1.3', '1.3', 20170005, 0),
(361, 100030, 93, '1.3', '1.3', '1.3', '1.3', 20170005, 0),
(362, 100036, 93, '1.3', '1.3', '1.3', '1.3', 20170005, 0),
(363, 100038, 93, '1.3', '1.3', '1.3', '1.3', 20170005, 0),
(364, 100037, 93, '1.3', '1.3', '1.3', '1.3', 20170005, 0),
(365, 100030, 96, '1.3', '1.3', '1.3', '1.3', 20170005, 0),
(366, 100036, 96, '1.3', '1.3', '1.3', '1.3', 20170005, 0),
(367, 100038, 96, '1.3', '1.3', '1.3', '1.3', 20170005, 0),
(368, 100037, 96, '1.3', '1.3', '1.3', '1.3', 20170005, 0),
(369, 100011, 96, '1.3', '1.3', '1.3', '1.3', 20170005, 0),
(370, 100019, 96, '1.3', '1.3', '1.3', '1.3', 20170005, 0),
(371, 100011, 99, '1.3', '1.3', '1.3', '1.3', 20170010, 0),
(372, 100030, 99, '1.3', '1.3', '1.3', '1.3', 20170010, 0),
(373, 100036, 99, '1.3', '1.3', '1.3', '1.3', 20170010, 0),
(374, 100038, 99, '1.3', '1.3', '1.3', '1.3', 20170010, 0),
(375, 100037, 99, '1.3', '1.3', '1.3', '1.3', 20170010, 0),
(376, 100011, 92, '1.3', '1.3', '1.3', '1.3', 20170005, 0),
(377, 100030, 92, '1.3', '1.3', '1.3', '1.3', 20170005, 0),
(378, 100036, 92, '1.3', '1.3', '1.3', '1.3', 20170005, 0),
(379, 100038, 92, '1.3', '1.3', '1.3', '1.3', 20170005, 0),
(380, 100037, 92, '1.3', '1.3', '1.3', '1.3', 20170005, 0),
(381, 100011, 94, '1.4', '1.4', '1.4', '1.4', 20170012, 0),
(382, 100030, 94, '1.4', '1.4', '1.4', '1.4', 20170012, 0),
(383, 100036, 94, '1.4', '1.4', '1.4', '1.4', 20170012, 0),
(384, 100037, 94, '1.4', '1.4', '1.4', '1.4', 20170012, 0),
(385, 100038, 94, '1.4', '1.4', '1.4', '1.4', 20170012, 0),
(386, 100011, 95, '1.4', '1.4', '1.4', '1.4', 20170015, 0),
(387, 100036, 95, '1.4', '1.4', '1.4', '1.4', 20170015, 0),
(388, 100038, 95, '1.4', '1.4', '1.4', '1.4', 20170015, 0),
(389, 100030, 95, '1.4', '1.4', '1.4', '1.4', 20170015, 0),
(390, 100037, 95, '1.4', '1.4', '1.4', '1.4', 20170015, 0),
(391, 100030, 97, '1.2', '1.2', '1.2', '1.2', 20170016, 0),
(392, 100036, 97, '1.2', '1.2', '1.2', '1.2', 20170016, 0),
(393, 100011, 97, '1.2', '1.2', '1.2', '1.2', 20170016, 0),
(394, 100038, 97, '1.2', '1.2', '1.2', '1.2', 20170016, 0),
(395, 100037, 97, '1.2', '1.2', '1.2', '1.2', 20170016, 0),
(396, 100011, 105, '1.3', '1.3', '1.3', '1.3', 20170015, 0),
(397, 100030, 105, '1.3', '1.3', '1.3', '1.3', 20170015, 0),
(398, 100036, 105, '1.3', '1.3', '1.3', '1.3', 20170015, 0),
(399, 100037, 105, '1.3', '1.3', '1.3', '1.3', 20170015, 0),
(400, 100038, 105, '1.3', '1.3', '1.3', '1.3', 20170015, 0),
(401, 100011, 107, '1.3', '1.3', '1.3', '1.3', 20170011, 0),
(402, 100030, 107, '1.3', '1.3', '1.3', '1.3', 20170011, 0),
(403, 100036, 107, '1.3', '1.3', '1.3', '1.3', 20170011, 0),
(404, 100038, 107, '1.3', '1.3', '1.3', '1.3', 20170011, 0),
(405, 100037, 107, '1.3', '1.3', '1.3', '1.3', 20170011, 0),
(406, 100011, 102, '1.4', '1.4', '1.4', '1.4', 20170008, 0),
(407, 100030, 102, '1.4', '1.4', '1.4', '1.4', 20170008, 0),
(408, 100037, 102, '1.4', '1.4', '1.4', '1.4', 20170008, 0),
(409, 100038, 102, '1.4', '1.4', '1.4', '1.4', 20170008, 0),
(410, 100036, 102, '1.4', '1.4', '1.4', '1.4', 20170008, 0),
(412, 100011, 104, '1.5', '1.5', '1.5', '1.5', 20170005, 0),
(413, 100030, 104, '1.5', '1.5', '1.5', '1.5', 20170005, 0),
(414, 100036, 104, '1.5', '1.5', '1.5', '1.5', 20170005, 0),
(415, 100038, 104, '1.5', '1.5', '1.5', '1.5', 20170005, 0),
(416, 100037, 104, '1.5', '1.5', '1.5', '1.5', 20170005, 0),
(417, 100030, 103, '1.4', '1.5', '1.5', '1.5', 20170010, 0),
(418, 100011, 103, '1.2', '1.2', '1.2', '1.2', 20170010, 0),
(419, 100038, 103, '1.2', '1.2', '1.2', '1.2', 20170010, 0),
(420, 100036, 103, '1.4', '1.4', '1.4', '1.4', 20170010, 0),
(421, 100037, 103, '1.4', '1.3', '1.3', '1.3', 20170010, 0),
(422, 100011, 106, '1.4', '1.4', '1.4', '1.4', 20170017, 0),
(423, 100030, 106, '1.5', '1.5', '1.5', '1.5', 20170017, 0),
(424, 100036, 106, '1.2', '1.2', '1.2', '1.2', 20170017, 0),
(425, 100038, 106, '1.2', '1.4', '1.4', '1.4', 20170017, 0),
(426, 100037, 106, '1.3', '1.3', '1.3', '1.3', 20170017, 0),
(427, 100011, 100, '1.2', '1.2', '1.2', '1.2', 20170016, 0),
(428, 100030, 100, '1.2', '1.2', '1.3', '1.2', 20170016, 0),
(429, 100036, 100, '1.5', '1.5', '1.6', '1.4', 20170016, 0),
(430, 100038, 100, '1.2', '1.2', '1.5', '1.3', 20170016, 0),
(431, 100037, 100, '1.2', '1.2', '1.2', '1.4', 20170016, 0),
(432, 100011, 115, '1.2', '1.2', '1.3', '1.2', 20170007, 0),
(433, 100030, 115, '1.4', '1.3', '1.5', '1.3', 20170007, 0),
(434, 100036, 115, '1.4', '1.4', '1.4', '1.4', 20170007, 0),
(435, 100038, 115, '1.3', '1.3', '1.3', '1.3', 20170007, 0),
(436, 100037, 115, '1.5', '1.4', '1.4', '1.4', 20170007, 0),
(437, 100019, 115, '1.3', '1.3', '1.3', '1.3', 20170007, 0),
(438, 100011, 111, '1.6', '1.4', '1.5', '1.5', 20170010, 0),
(439, 100030, 111, '1.5', '1.3', '1.3', '1.4', 20170010, 0),
(440, 100036, 111, '1.5', '1.5', '1.4', '1.4', 20170010, 0),
(441, 100038, 111, '1.2', '1.3', '1.4', '1.5', 20170010, 0),
(442, 100037, 111, '1.2', '1.2', '1.2', '1.3', 20170010, 0),
(443, 100011, 108, '1.4', '1.4', '1.4', '1.4', 20170005, 0),
(444, 100030, 108, '1.4', '1.4', '1.4', '1.4', 20170005, 0),
(445, 100038, 108, '1.4', '1.4', '1.4', '1.4', 20170005, 0),
(446, 100036, 108, '1.4', '1.4', '1.4', '1.4', 20170005, 0),
(447, 100037, 108, '1.4', '1.4', '1.4', '1.4', 20170005, 0),
(448, 100011, 113, '1.5', '1.2', '1.5', '1.3', 20170005, 0),
(449, 100036, 113, '1.4', '1.4', '1.4', '1.4', 20170005, 0),
(450, 100038, 113, '1.5', '1.3', '1.2', '1.3', 20170005, 0),
(451, 100037, 113, '1.1', '1.2', '1.3', '1.2', 20170005, 0),
(452, 100030, 113, '1.4', '1.2', '1.5', '1.3', 20170005, 0),
(453, 100011, 114, '1.5', '1.5', '1.5', '1.5', 20170005, 0),
(454, 100030, 114, '1.5', '1.5', '1.5', '1.5', 20170005, 0),
(455, 100036, 114, '1.2', '1.5', '1.6', '1.4', 20170005, 0),
(456, 100038, 114, '1.6', '1.6', '1.6', '1.6', 20170005, 0),
(457, 100037, 114, '1.5', '1.3', '1.5', '1.4', 20170005, 0),
(458, 100011, 109, '1.5', '1.5', '1.4', '1.5', 20170005, 0),
(459, 100038, 109, '1.5', '1.5', '1.5', '1.5', 20170005, 0),
(460, 100030, 109, '1.2', '1.5', '1.2', '1.3', 20170005, 0),
(461, 100036, 109, '1.2', '1.5', '1.5', '1.4', 20170005, 0),
(462, 100037, 109, '1.2', '1.2', '1.2', '1.2', 20170005, 0),
(463, 100011, 110, '1.4', '1.4', '1.4', '1.4', 20170007, 0),
(464, 100038, 110, '1.4', '1.4', '1.4', '1.4', 20170007, 0),
(465, 100036, 110, '1.4', '1.4', '1.4', '1.4', 20170007, 0),
(466, 100030, 110, '1.2', '1.2', '1.2', '1.2', 20170007, 0),
(467, 100019, 110, '1.4', '1.4', '1.4', '1.4', 20170007, 0),
(468, 100037, 110, '1.5', '1.3', '1.2', '1.4', 20170007, 0),
(469, 100011, 112, '1.6', '1.3', '1.4', '1.6', 20170010, 0),
(470, 100019, 112, '1.3', '1.3', '1.3', '1.3', 20170010, 0),
(471, 100030, 112, '1.3', '1.3', '1.3', '1.3', 20170010, 0),
(472, 100036, 112, '1.3', '1.4', '1.3', '1.3', 20170010, 0),
(473, 100037, 112, '1.4', '1.4', '1.5', '1.4', 20170010, 0),
(474, 100038, 112, '1.5', '1.5', '1.5', '1.5', 20170010, 0),
(475, 100011, 123, '1.4', '1.3', '1.3', '1.4', 20170005, 0),
(476, 100030, 123, '1.3', '1.3', '1.3', '1.3', 20170005, 0),
(477, 100038, 123, '1.2', '1.5', '1.4', '1.4', 20170005, 0),
(478, 100036, 123, '1.3', '1.5', '1.5', '1.3', 20170005, 0),
(479, 100037, 123, '1.4', '1.5', '1.5', '1.4', 20170005, 0),
(480, 100019, 123, '1.3', '1.3', '1.3', '1.3', 20170005, 0),
(481, 100011, 116, '1.6', '1.4', '1.6', '1.5', 20170005, 0),
(482, 100019, 116, '1.2', '1.2', '1.3', '1.3', 20170005, 0),
(483, 100030, 116, '1.5', '1.3', '1.3', '1.4', 20170005, 0),
(484, 100038, 116, '1.5', '1.2', '1.3', '1.2', 20170005, 0),
(485, 100036, 116, '1.2', '1.2', '1.5', '1.3', 20170005, 0),
(486, 100037, 116, '1.5', '1.5', '1.5', '1.5', 20170005, 0),
(487, 100011, 117, '1.4', '1.4', '1.3', '1.4', 20170005, 0),
(488, 100019, 117, '1.5', '1.5', '1.5', '1.5', 20170005, 0),
(489, 100030, 117, '1.2', '1.2', '1.2', '1.2', 20170005, 0),
(490, 100036, 117, '1.5', '1.6', '1.6', '1.6', 20170005, 0),
(491, 100037, 117, '1.4', '1.3', '1.3', '1.3', 20170005, 0),
(492, 100038, 117, '1.3', '1.6', '1.4', '1.4', 20170005, 0),
(493, 100011, 118, '1.3', '1.6', '1.6', '1.6', 20170005, 0),
(494, 100019, 118, '1.6', '1.5', '1.4', '1.3', 20170005, 0),
(495, 100030, 118, '1.2', '1.3', '1.4', '1.5', 20170005, 0),
(496, 100038, 118, '1.2', '1.1', '1.2', '1.2', 20170005, 0),
(497, 100037, 118, '1.4', '1.3', '1.2', '1.2', 20170005, 0),
(498, 100036, 118, '1.2', '1.3', '1.4', '1.5', 20170005, 0),
(499, 100011, 119, '1.5', '1.2', '1.3', '1.3', 20170005, 0),
(500, 100019, 119, '1.5', '1.4', '1.4', '1.3', 20170005, 0),
(501, 100030, 119, '1.4', '1.2', '1.3', '1.5', 20170005, 0),
(502, 100036, 119, '1.5', '1.2', '1.2', '1.4', 20170005, 0),
(503, 100038, 119, '1.5', '1.6', '1.6', '1.4', 20170005, 0),
(504, 100037, 119, '1.5', '1.2', '1.2', '1.2', 20170005, 0),
(505, 100030, 120, '1.4', '1.4', '1.4', '1.4', 20170005, 0),
(506, 100036, 120, '1.4', '1.4', '1.4', '1.4', 20170005, 0),
(507, 100038, 120, '1.4', '1.4', '1.4', '1.4', 20170005, 0),
(508, 100037, 120, '1.4', '1.4', '1.4', '1.4', 20170005, 0),
(509, 100011, 120, '1.4', '1.4', '1.4', '1.4', 20170005, 0),
(510, 100019, 120, '1.4', '1.4', '1.4', '1.4', 20170005, 0),
(511, 100011, 121, '1.3', '1.2', '1.2', '1.3', 20170005, 0),
(512, 100019, 121, '1.5', '1.5', '1.5', '1.3', 20170005, 0),
(513, 100036, 121, '1.2', '1.2', '1.3', '1.2', 20170005, 0),
(514, 100038, 121, '1.4', '1.4', '1.4', '1.4', 20170005, 0),
(515, 100037, 121, '1.5', '1.5', '1.5', '1.5', 20170005, 0),
(516, 100030, 121, '1.3', '1.3', '1.3', '1.3', 20170005, 0),
(517, 100011, 122, '1.2', '1.2', '1.2', '1.2', 20170007, 0),
(518, 100036, 122, '1.5', '1.1', '1.1', '1.2', 20170007, 0),
(519, 100019, 122, '1.6', '1.6', '1.6', '1.6', 20170007, 0),
(520, 100030, 122, '1.2', '1.2', '1.2', '1.2', 20170007, 0),
(521, 100038, 122, '1.3', '1.3', '1.3', '1.3', 20170007, 0),
(522, 100037, 122, '1.2', '1.2', '1.3', '1.3', 20170007, 0),
(523, 100030, 126, '1.2', '1.5', '1.3', '1.3', 20170011, 0),
(524, 100011, 126, '1.6', '1.6', '1.6', '1.6', 20170011, 0),
(525, 100036, 126, '1.5', '1.5', '1.3', '1.4', 20170011, 0),
(526, 100038, 126, '1.5', '1.6', '1.7', '1.6', 20170011, 0),
(527, 100037, 126, '1.2', '1.5', '1.3', '1.4', 20170011, 0),
(528, 100011, 125, '1.2', '1.5', '1.4', '1.4', 20170005, 0),
(529, 100036, 125, '1.2', '1.5', '1.5', '1.5', 20170005, 0),
(530, 100038, 125, '1.5', '1.2', '1.3', '1.4', 20170005, 0),
(531, 100030, 125, '1.5', '1.5', '1.5', '1.5', 20170005, 0),
(532, 100037, 125, '1.5', '1.5', '1.5', '1.5', 20170005, 0),
(533, 100011, 130, '1.3', '1.3', '1.3', '1.3', 20170008, 0),
(534, 100030, 130, '1.2', '1.3', '1.3', '1.3', 20170008, 0),
(535, 100038, 130, '1.4', '1.4', '1.6', '1.5', 20170008, 0),
(536, 100036, 130, '1.2', '1.2', '1.3', '1.3', 20170008, 0),
(537, 100037, 130, '1.6', '1.5', '1.5', '1.5', 20170008, 0),
(538, 100011, 127, '1.3', '1.3', '1.3', '1.3', 20170005, 0),
(539, 100036, 127, '1.6', '1.6', '1.6', '1.6', 20170005, 0),
(540, 100030, 127, '1.5', '1.4', '1.4', '1.5', 20170005, 0),
(541, 100038, 127, '1.5', '1.5', '1.4', '1.4', 20170005, 0),
(542, 100037, 127, '1.5', '1.5', '1.4', '1.6', 20170005, 0),
(543, 100011, 124, '1.2', '1.5', '1.4', '1.5', 20170005, 0),
(544, 100036, 124, '1.3', '1.2', '1.5', '1.4', 20170005, 0),
(545, 100038, 124, '1.7', '1.6', '1.6', '1.7', 20170005, 0),
(546, 100037, 124, '1.7', '1.4', '1.5', '1.5', 20170005, 0),
(547, 100030, 124, '1.6', '1.6', '1.6', '1.6', 20170005, 0),
(548, 100011, 128, '1.4', '1.4', '1.4', '1.4', 20170008, 0),
(549, 100036, 128, '1.4', '1.4', '1.4', '1.4', 20170008, 0),
(550, 100038, 128, '1.4', '1.4', '1.4', '1.4', 20170008, 0),
(551, 100037, 128, '1.4', '1.4', '1.4', '1.4', 20170008, 0),
(552, 100030, 128, '1.4', '1.4', '1.4', '1.4', 20170008, 0),
(553, 100011, 129, '1.3', '1.5', '1.4', '1.4', 20170008, 0),
(554, 100036, 129, '1.4', '1.5', '1.4', '1.3', 20170008, 0),
(555, 100030, 129, '1.7', '1.5', '1.5', '1.6', 20170008, 0),
(556, 100038, 129, '1.2', '1.3', '1.3', '1.6', 20170008, 0),
(557, 100037, 129, '1.5', '1.7', '1.5', '1.7', 20170008, 0),
(558, 100012, 132, '1.2', '1.3', '1.4', '0', 20170007, 0),
(559, 100013, 132, '1.2', '1.2', '1.2', '0', 20170007, 0),
(560, 100014, 132, '1.4', '1.5', '1.7', '0', 20170007, 0),
(561, 100015, 132, '1.6', '1.6', '1.7', '0', 20170007, 0),
(562, 100017, 132, '1.2', '1.7', '1.7', '0', 20170007, 0),
(563, 100019, 132, '1.1', '1.1', '1.2', '0', 20170007, 0),
(564, 100021, 132, '1.6', '1.4', '1.4', '0', 20170007, 0),
(565, 100024, 132, '1.6', '1.6', '1.6', '0', 20170007, 0),
(566, 100027, 132, '1.5', '1.5', '1.5', '0', 20170007, 0),
(567, 100029, 132, '1.3', '1.2', '1.4', '0', 20170007, 0),
(568, 100026, 132, '1.5', '1.5', '1.5', '0', 20170007, 0),
(569, 100016, 132, '1.3', '1.3', '1.3', '0', 20170007, 0),
(570, 100033, 132, '1.6', '1.6', '1.6', '0', 20170007, 0),
(571, 100034, 132, '1.4', '1.4', '1.4', '0', 20170007, 0),
(572, 100035, 132, '1.7', '1.6', '1.5', '0', 20170007, 0),
(573, 100028, 132, '1.3', '1.3', '1.3', '0', 20170007, 0),
(574, 100020, 132, '1.5', '1.5', '1.3', '0', 20170007, 0),
(575, 100022, 132, '1.2', '1.2', '1.2', '0', 20170007, 0),
(576, 100025, 132, '1.2', '1.2', '1.3', '0', 20170007, 0),
(577, 100039, 132, '1.2', '1.2', '1.2', '0', 20170007, 0),
(578, 100041, 132, '1.5', '1.5', '1.5', '0', 20170007, 0),
(579, 100040, 132, '1.3', '1.3', '1.5', '0', 20170007, 0),
(580, 100032, 132, '1.5', '1.3', '1.3', '0', 20170007, 0),
(581, 100012, 138, '1.7', '1.3', '1.7', '0', 20170011, 0),
(582, 100013, 138, '1.5', '1.4', '1.5', '0', 20170011, 0),
(583, 100024, 138, '1.5', '1.5', '1.5', '0', 20170011, 0),
(584, 100025, 138, '1.2', '1.4', '1.6', '0', 20170011, 0),
(585, 100027, 138, '1.6', '1.5', '1.6', '0', 20170011, 0),
(586, 100032, 138, '1.7', '1.6', '1.7', '0', 20170011, 0),
(588, 100039, 138, '1.7', '1.7', '1.7', '0', 20170011, 0),
(589, 100012, 135, '1.7', '1.7', '1.7', '0', 20170011, 0),
(590, 100013, 135, '1.4', '1.5', '1.3', '0', 20170011, 0),
(591, 100024, 135, '1.6', '1.6', '1.6', '0', 20170011, 0),
(592, 100025, 135, '1.4', '1.3', '1.5', '0', 20170011, 0),
(593, 100027, 135, '1.4', '1.4', '1.4', '0', 20170011, 0),
(594, 100021, 131, '1.6', '1.7', '1.6', '0', 20170007, 0),
(595, 100020, 131, '1.2', '1.4', '1.4', '0', 20170007, 0),
(596, 100022, 131, '1.7', '1.4', '1.6', '0', 20170007, 0),
(597, 100033, 131, '1.4', '1.3', '1.7', '0', 20170007, 0),
(598, 100034, 131, '1.2', '1.3', '1.3', '0', 20170007, 0),
(599, 100012, 136, '1.2', '1.7', '1.6', '0', 20170005, 0),
(600, 100032, 136, '1.6', '1.5', '1.3', '0', 20170005, 0),
(601, 100013, 136, '1.4', '1.3', '1.4', '0', 20170005, 0),
(602, 100024, 136, '1.2', '1.4', '1.6', '0', 20170005, 0),
(603, 100025, 136, '1.4', '1.4', '1.4', '0', 20170005, 0),
(604, 100023, 133, '1.2', '1.3', '1.6', '0', 20170005, 0),
(605, 100018, 133, '1.2', '1.6', '1.3', '0', 20170005, 0),
(606, 100026, 133, '1.5', '1.3', '1.6', '0', 20170005, 0),
(607, 100023, 134, '1.7', '1.6', '1.6', '0', 20170005, 0),
(608, 100018, 134, '1.7', '1.7', '1.7', '0', 20170005, 0),
(609, 100017, 134, '1.5', '1.6', '1.4', '0', 20170005, 0),
(610, 100011, 139, '1.6', '1.5', '1.2', '0', 20170005, 0),
(612, 100030, 139, '1.2', '1.4', '1.6', '0', 20170005, 0),
(613, 100036, 139, '1.5', '1.5', '1.5', '0', 20170005, 0),
(614, 100037, 139, '1.6', '1.6', '1.6', '0', 20170005, 0),
(615, 100038, 139, '1.7', '1.4', '1.5', '0', 20170005, 0),
(616, 100032, 82, '1.3', '1.3', '1.3', '1.3', 20170016, 0),
(617, 100034, 82, '1.4', '1.5', '1.4', '1.4', 20170016, 0),
(618, 100019, 82, '1.6', '1.6', '1.5', '1.4', 20170016, 0),
(619, 100024, 80, '1.5', '1.3', '1.3', '1.4', 20170015, 0),
(620, 100032, 80, '1.2', '1.4', '1.6', '1.5', 20170015, 0),
(621, 100034, 80, '1.2', '1.5', '1.3', '1.4', 20170015, 0),
(622, 100032, 83, '1.5', '1.3', '1.6', '1.6', 20170016, 0),
(623, 100034, 83, '1.6', '1.7', '1.5', '1.6', 20170016, 0),
(624, 100019, 83, '1.4', '1.4', '1.4', '1.4', 20170016, 0),
(625, 100024, 83, '1.6', '1.3', '1.4', '1.5', 20170016, 0),
(626, 100019, 77, '1.6', '1.6', '1.6', '1.6', 20170005, 0),
(627, 100032, 81, '1.2', '1.5', '1.5', '1.5', 20170016, 0),
(628, 100024, 81, '1.4', '1.4', '1.5', '1.5', 20170016, 0),
(629, 100035, 81, '1.6', '1.5', '1.6', '1.5', 20170016, 0),
(630, 100019, 78, '1.7', '1.6', '1.7', '1.7', 20170011, 0),
(631, 100024, 78, '1.7', '1.7', '1.6', '1.7', 20170011, 0),
(632, 100032, 78, '1.5', '1.4', '1.4', '1.4', 20170011, 0),
(633, 100024, 140, '1.5', '1.6', '1.7', '1.7', 20170007, 0),
(634, 100032, 140, '1.5', '1.5', '1.6', '1.7', 20170007, 0),
(635, 100032, 142, '1.2', '1.3', '1.4', '1.5', 20170011, 0),
(636, 100024, 142, '1.2', '1.2', '1.4', '1.3', 20170011, 0),
(638, 100024, 143, '1.5', '1.5', '1.4', '1.3', 20170011, 0),
(639, 100032, 143, '1.6', '1.6', '1.4', '1.3', 20170011, 0),
(640, 100024, 87, '1.5', '1.6', '1.3', '1.4', 20170015, 0),
(641, 100019, 86, '1.3', '1.4', '1.5', '1.4', 20170005, 0),
(642, 100019, 89, '1.5', '1.3', '1.6', '1.7', 20170005, 0),
(643, 100019, 90, '1.3', '1.6', '1.5', '1.7', 20170005, 0),
(644, 100019, 91, '1.2', '1.6', '1.5', '1.3', 20170005, 0),
(645, 100024, 88, '1.2', '1.5', '1.6', '1.4', 20170017, 0),
(646, 100032, 88, '1.2', '1.6', '1.7', '1.4', 20170017, 0),
(647, 100024, 144, '1.5', '1.7', '1.4', '1.3', 20170011, 0),
(648, 100032, 144, '1.7', '1.3', '1.6', '1.5', 20170011, 0),
(649, 100024, 129, '1.4', '1.5', '1.4', '1.6', 20170008, 0),
(650, 100024, 128, '1.2', '1.5', '1.6', '1.3', 20170008, 0),
(651, 100032, 145, '1.6', '1.3', '1.5', '1.4', 20170011, 0),
(652, 100024, 145, '1.2', '1.7', '1.6', '1.6', 20170011, 0),
(653, 100032, 146, '1.7', '1.6', '1.6', '1.7', 20170011, 0),
(654, 100024, 146, '1.3', '1.5', '1.6', '1.6', 20170011, 0),
(655, 100032, 129, '1.7', '1.3', '1.6', '1.5', 20170008, 0),
(656, 100025, 146, '1.6', '1.6', '1.7', '1.7', 20170011, 0),
(657, 100025, 145, '1.6', '1.6', '1.6', '1.6', 20170011, 0),
(658, 100032, 135, '1.6', '1.7', '1.5', '0', 20170011, 0),
(659, 100025, 129, '1.3', '1.6', '1.6', '1.4', 20170008, 0),
(660, 100032, 128, '1.3', '1.5', '1.6', '1.7', 20170008, 0),
(661, 100025, 128, '1.7', '1.7', '1.6', '1.5', 20170008, 0),
(662, 100032, 112, '1.7', '1.5', '1.4', '1.5', 20170010, 0),
(663, 100032, 110, '1.3', '1.5', '1.5', '1.6', 20170007, 0),
(664, 100024, 110, '1.2', '1.6', '1.7', '1.5', 20170007, 0),
(665, 100025, 110, '1.6', '1.7', '1.5', '1.5', 20170007, 0),
(666, 100025, 112, '1.3', '1.6', '1.7', '1.5', 20170010, 0),
(667, 100024, 112, '1.3', '1.5', '1.7', '1.4', 20170010, 0),
(668, 100024, 111, '1.5', '1.5', '1.4', '1.6', 20170010, 0),
(669, 100032, 111, '1.5', '1.5', '1.4', '1.4', 20170010, 0),
(670, 100025, 111, '1.7', '1.7', '1.6', '1.6', 20170010, 0),
(671, 100032, 147, '1.5', '1.6', '1.7', '1.6', 20170011, 0),
(672, 100025, 147, '1.7', '1.6', '1.5', '1.4', 20170011, 0),
(673, 100024, 147, '1.7', '1.4', '1.6', '1.5', 20170011, 0),
(674, 100032, 148, '1.7', '1.6', '1.7', '1.7', 20170012, 0),
(675, 100024, 148, '1.6', '1.5', '1.5', '1.5', 20170012, 0),
(676, 100025, 148, '1.6', '1.7', '1.5', '1.4', 20170012, 0),
(677, 100024, 115, '1.7', '1.7', '1.7', '1.7', 20170007, 0),
(678, 100025, 115, '1.3', '1.7', '1.7', '1.4', 20170007, 0),
(679, 100032, 115, '1.6', '1.5', '1.6', '1.4', 20170007, 0),
(680, 100024, 98, '1.3', '1.7', '1.6', '1.7', 20170015, 0),
(681, 100025, 98, '1.3', '1.6', '1.4', '1.6', 20170015, 0),
(682, 100019, 97, '1.3', '1.3', '1.2', '1.5', 20170016, 0),
(683, 100024, 97, '1.5', '1.7', '1.6', '1.6', 20170016, 0),
(684, 100032, 97, '1.3', '1.6', '1.6', '1.7', 20170016, 0),
(685, 100025, 97, '1.2', '1.6', '1.6', '1.7', 20170016, 0),
(686, 100025, 95, '1.6', '1.7', '1.6', '1.5', 20170015, 0),
(687, 100032, 95, '1.6', '1.6', '1.6', '1.5', 20170015, 0),
(688, 100024, 95, '1.5', '1.6', '1.7', '1.6', 20170015, 0),
(689, 100025, 94, '1.3', '1.3', '1.6', '1.5', 20170012, 0),
(690, 100024, 94, '1.3', '1.6', '1.6', '1.6', 20170012, 0),
(691, 100032, 94, '1.5', '1.6', '1.7', '1.6', 20170012, 0),
(692, 100032, 105, '1.6', '1.6', '1.3', '1.6', 20170015, 0),
(693, 100025, 105, '1.6', '1.3', '1.6', '1.5', 20170015, 0),
(694, 100024, 105, '1.6', '1.6', '1.5', '1.5', 20170015, 0),
(695, 100025, 107, '1.3', '1.6', '1.7', '1.7', 20170011, 0),
(696, 100024, 107, '1.3', '1.3', '1.6', '1.6', 20170011, 0),
(697, 100032, 107, '1.5', '1.3', '1.6', '1.7', 20170011, 0),
(698, 100024, 106, '1.3', '1.2', '1.6', '1.6', 20170017, 0),
(699, 100025, 106, '1.3', '1.3', '1.3', '1.7', 20170017, 0),
(700, 100032, 106, '1.7', '1.6', '1.3', '1.7', 20170017, 0),
(701, 100032, 103, '1.6', '1.3', '1.6', '1.5', 20170010, 0),
(702, 100025, 103, '1.7', '1.7', '1.3', '1.7', 20170010, 0),
(703, 100024, 103, '1.6', '1.3', '1.6', '1.7', 20170010, 0),
(704, 100024, 79, '1.6', '1.5', '1.6', '1.3', 20170015, 0);

-- --------------------------------------------------------

--
-- Table structure for table `message`
--

CREATE TABLE IF NOT EXISTS `message` (
`msg_id` int(11) NOT NULL,
  `teacher_id` varchar(255) NOT NULL,
  `message` text NOT NULL,
  `status` tinyint(1) NOT NULL
) ENGINE=InnoDB  DEFAULT CHARSET=latin1 AUTO_INCREMENT=2 ;

--
-- Dumping data for table `message`
--

INSERT INTO `message` (`msg_id`, `teacher_id`, `message`, `status`) VALUES
(1, '20170005', 'bayot', 1);

-- --------------------------------------------------------

--
-- Table structure for table `parents`
--

CREATE TABLE IF NOT EXISTS `parents` (
`parent_id` int(11) NOT NULL,
  `parent_pass` varchar(50) NOT NULL,
  `fname` varchar(50) NOT NULL,
  `lname` varchar(10) NOT NULL,
  `middle` varchar(10) NOT NULL,
  `address` varchar(50) NOT NULL,
  `contact_num` varchar(50) NOT NULL,
  `parent_image` varchar(50) NOT NULL
) ENGINE=InnoDB  DEFAULT CHARSET=latin1 AUTO_INCREMENT=2005 ;

--
-- Dumping data for table `parents`
--

INSERT INTO `parents` (`parent_id`, `parent_pass`, `fname`, `lname`, `middle`, `address`, `contact_num`, `parent_image`) VALUES
(2002, '123456', 'Aicolec', 'Leon', 'M.', 'Talamban, Cebu City', '+639123456789', 'aa.png'),
(2004, '2125cbnc', 'Brip', 'Makahubog', 'N.', 'Talamban, Cebu City', '+639987456321', 'user.png');

-- --------------------------------------------------------

--
-- Table structure for table `reports`
--

CREATE TABLE IF NOT EXISTS `reports` (
`reports_id` int(11) NOT NULL,
  `stud_id` int(255) NOT NULL,
  `sub_id` int(255) NOT NULL,
  `teacher_id` int(255) NOT NULL,
  `sy` varchar(255) NOT NULL,
  `old_grade` varchar(50) NOT NULL,
  `grade` varchar(50) NOT NULL,
  `period` varchar(50) NOT NULL,
  `message` text NOT NULL,
  `updated` varchar(20) NOT NULL
) ENGINE=InnoDB DEFAULT CHARSET=latin1 AUTO_INCREMENT=1 ;

-- --------------------------------------------------------

--
-- Table structure for table `sbjt`
--

CREATE TABLE IF NOT EXISTS `sbjt` (
`sbjt_id` int(11) NOT NULL,
  `sub_name` varchar(255) NOT NULL,
  `course_description` varchar(255) NOT NULL,
  `units` int(11) NOT NULL,
  `pre_requisite` varchar(255) NOT NULL
) ENGINE=InnoDB  DEFAULT CHARSET=latin1 AUTO_INCREMENT=100117 ;

--
-- Dumping data for table `sbjt`
--

INSERT INTO `sbjt` (`sbjt_id`, `sub_name`, `course_description`, `units`, `pre_requisite`) VALUES
(1, 'P.E12', 'Arts And Appreciation', 2, 'P.E11'),
(2, 'English 4', 'Technical Writing', 3, 'English3'),
(4, 'IT104', 'Basic Programming', 3, 'IT102'),
(7, 'Math1', 'Basic Mathematics', 3, ''),
(9, 'HELE1', 'Home Economics & Livelihood Education', 3, ''),
(10, 'Val. Ed1', 'Values Education', 3, ''),
(15, 'Fil2', 'Pagbasa at Pagsulat tunog sa Pananaliksik', 3, 'Fil1'),
(16, 'Math2', 'Basic Mathematics 2', 3, 'Math1'),
(18, 'Geo1', 'World Geography', 3, ''),
(19, 'MAPE1', 'Foundation of Music, Arts, & Phys.Ed', 3, ''),
(23, 'Engl3', 'Aural Oral communication', 3, 'Engl1,Engl2'),
(24, 'Fil3', 'Masining na Pagpapahayag', 3, 'Fil1, Fil2'),
(25, 'ICT1', 'Information and Communication Technology Applications in Teaching', 3, ''),
(26, 'Educ10', 'Childhood and Adolescence Development', 3, ''),
(27, 'Educ20', 'Education Technology 1', 3, ''),
(28, 'Educ30', 'Field Study 1: Learner''s Development and Development', 1, 'Educ10'),
(29, 'Engl10', 'Study and Thinking Skills', 3, ''),
(30, 'Geo2', 'Geography & Natural Resources of the Phil.', 3, ''),
(31, 'PE13', 'Fundamentals of Games and Sports', 3, 'PE12'),
(33, 'Pol Sci1', 'Phil Gov''t and New Constitution', 3, ''),
(34, 'Hum1', 'Music And Arts Education', 3, ''),
(35, 'Educ11', 'Facilitating Learning', 3, ''),
(36, 'Educ21', 'Education Technology2', 3, 'Educ20'),
(37, 'Educ22', 'Principles of Teaching 1', 3, ''),
(38, 'Educ31', 'Field Study 2: Technology in The Learning Environment', 1, 'Educ20, Educ21'),
(39, 'Math10', 'College Algebra & Trigonometry', 3, ''),
(40, 'Engl11', 'Interactive English for Teachers', 3, ''),
(41, 'PE14', 'Recreation Activities', 2, 'Pe13'),
(43, 'Fil Lit1', 'Ang Panitikan ng Pilipinas', 3, ''),
(45, 'Educ12', 'Social Dimension of Education', 3, ''),
(47, 'Educ23', 'Principles of Teaching 2', 3, 'Educ22'),
(48, 'Educ24', 'Assestment of Learning 1', 3, ''),
(49, 'Educ32', 'Field Study 3: Experiencing the Teaching and Learning Environment', 1, 'Educ23, Educ24'),
(50, 'NatSci 1A', 'Biological Science', 3, ''),
(51, 'Engl12', 'Children''s Literature', 3, ''),
(52, 'Fil Lit2', 'Mga Anyo ng Kontemporaryong Panitikang Filipino', 3, 'Fil Lit1'),
(53, 'Math11', 'Plane and Solid Geometry', 3, ''),
(54, 'Lit2', 'World Literature', 3, 'Lit1'),
(55, 'Educ26', 'Development Reading1', 3, ''),
(56, 'Educ28', 'Curriculum Development', 3, 'Educ22, Educ23'),
(57, 'Educ33', 'Field Study 4: Understanding the Curriculum', 1, 'Educ28'),
(58, 'Nat Sci3', 'Earth Science', 3, 'Nat Sci1A'),
(59, 'Engl13', 'Cebuano Literature', 3, ''),
(60, 'Math 12A', 'Analytic Geometry & Introduction Calculus', 3, ''),
(61, 'Fil Lit3', 'Pagpapahalagang Pampanitikan', 3, 'Fil Lit2'),
(62, 'Philo 1', 'Logic', 3, ''),
(63, 'Bio 10', 'General Biology(lecture and laboratory)', 5, ''),
(64, 'Econ1', 'Principles of Economics', 3, ''),
(65, 'Hist2', 'Life and Works of Jose Rizal', 3, 'Hist1'),
(66, 'Educ25', 'Assestment of Learning 2', 3, 'Educ24'),
(67, 'Educ 34A', 'Field Study 5: Learning Assesstment Strategies', 1, 'Educ 25, Educ 24'),
(68, 'Educ27', 'Development Reading 2', 3, 'Educ26'),
(69, 'Chem10', 'General & Inorganic Chemistry(lec & lab)\r\n', 3, ''),
(70, 'Bio11', 'Ecology', 3, ''),
(71, 'Math13', 'Problem Solving', 3, ''),
(72, 'Educ13', 'The Teaching Profession', 3, ''),
(73, 'Educ34', 'Practice Teaching', 6, ''),
(74, 'Educ40', 'Special Topic', 3, ''),
(75, 'Educ35', 'Field Study 6', 1, 'Educ13'),
(200, 'Criminalistics 2', 'Police Photography', 4, 'Criminalistics 1'),
(201, 'CDI 1', 'Fundamentals of Criminal Investigation', 3, 'Crim 2'),
(202, 'LEA 4', 'Police Intelligence', 3, 'CDI 1/LEA 1-3'),
(203, 'LEA 5', 'Police Personnel and Records Management', 3, 'Lea 1&2'),
(205, 'Engl 6B', 'Technical Report Writing 1(Police Report Writing)', 3, 'Engl 1R, 1, 2r, 3&3A'),
(207, 'Criminalistics 3', 'Forensic Ballistics', 4, 'Criminalistics 1&2'),
(208, 'Criminalistics 4', 'Questioned Documents Exxamination', 4, 'Criminialistics 1-3'),
(209, 'CDI 2', 'Traffic Management and Accident Investigation', 3, 'CDI 1'),
(210, 'CDI 3', 'Special Crime Invistigation', 3, 'CDI 1&2'),
(211, 'CLJ 1', 'Criminal Law(Book 1)', 3, 'Pol Sci 6 & Crim 2'),
(212, 'CA 1', 'Institutinnal Corrections', 3, 'Crim 2'),
(214, 'Engl 6C', 'Technical Report Writing 2(Police Report Writing)', 3, 'Engl 1'),
(216, 'Crim 5', 'Human behavior and Crisis Management', 3, 'Crim 1-4'),
(217, 'CLJ 2', 'Criminal Law(Book 2)', 3, 'CLJ 1'),
(218, 'CA 2', 'Non-Institutional Corrections', 3, 'CA 1'),
(219, 'CDI 4', 'Organized Crime Investigation', 3, 'CDI 1-3'),
(220, 'Chem 3', 'Forensic Chemistry and toxicology', 3, 'Chem 1'),
(221, 'Rizal', 'Life and Works of Dr. Jose P. Rizal', 3, 'None'),
(222, 'Econ 1', 'Basic Economics with Taxation and Land Reform', 3, 'None'),
(224, 'Crim 6', 'Criminological Research and Statistics', 3, 'All Math & Engl Subjects'),
(225, 'CLJ 3', 'criminal Procedure', 3, 'CLJ 1&2'),
(226, 'CLJ 4', 'Criminal Evidence', 3, 'CLJ 1-3'),
(227, 'CDI 5', 'Drug Education and Vice Control', 3, 'CLJ 1-4'),
(228, 'CDI 6', 'Fire Technology and Arson Investigation', 3, 'CLJ 1-5'),
(231, 'LEA 6', 'Comparative Police System', 3, 'All LEA Subjects'),
(232, 'Practicum 1B & 2B', 'On-the-Job Training and Community Immersion(Student shall be required to submit Case Analysis or Case)', 6, 'For 4th Year Only'),
(317, 'English 1R', 'Remedial English', 3, 'None'),
(318, 'English 1', 'Study and Thinking Skills', 3, 'None'),
(319, 'Fil 1', 'Sining Pakikipagtalastasan', 3, 'None'),
(320, 'Psych 1', 'General Psychology', 3, 'None'),
(321, 'C Sci 1J', 'Computer Algebra', 3, 'None'),
(323, 'Crim 1', 'Intro to Criminology and Psychology of Crimes', 3, 'None'),
(324, 'Def Tact 1/PE 1C', 'Fundamentals of Martial Arts', 2, 'None'),
(325, 'ROTC 1', 'Reserve Officers Training Course', 3, 'None'),
(326, 'English 2R', 'Reading Comprehension', 3, 'English 1 & 1R'),
(328, 'LEA 1', 'Police Organization and Administration with Police Planning', 3, 'None'),
(330, 'Math 7', 'Plane Trigonometry', 3, 'Math 1'),
(331, 'Crim 2', 'Philippine Criminal Justice System', 3, 'Crim 1'),
(332, 'Crim 3', 'Ethics and Vales', 3, 'None'),
(333, 'Def Tact 2/PE 2C', 'Disarming Techniques', 2, 'Def Tact 1/PE 1c'),
(352, 'Pol Sci 6', 'Politics and Government with Philippine Constitution', 3, 'None'),
(354, 'Eng 3', 'Speech Communication', 3, 'Eng 1R, 1, 2 & 2R'),
(365, 'Lit 2', 'Literature of the Philippines', 3, 'Engl 1, 1R, 2&3'),
(366, 'Engl 6B', 'Technical Report Writing 1(Police Report Writing)', 3, 'Engl 1R, 1, 2r, 3&3A'),
(367, 'Def Tact 4/PE 4D', 'Marksmanship and Combat Shooting', 2, 'Def Tact 3/PE 3c'),
(374, 'Hist 1', 'Philippine History', 3, 'None'),
(375, 'Engl 6C', 'Technical Report Writing 2(Police Report Writing)', 3, 'Engl 1'),
(376, 'Criminalistics 5', 'Polygraphy(Lie Detection)', 4, 'Criminalistics 1-4'),
(383, 'Econ 1', 'Basic Economics with Taxation and Land Reform', 3, 'None'),
(384, 'Criminalistics 6', 'Legal Medicine', 3, 'Criminalistics 1-5'),
(390, 'ROTC 2', 'Reserve Officers Training Course', 3, 'ROTC 1'),
(392, 'Eng 2', 'Writing in the Decipline', 3, 'Eng 1R, 1, 2R'),
(394, 'Chem 1', 'General Chemistry', 3, 'None'),
(395, 'LEA 2', 'Industrial Security Management', 3, 'LEA 1'),
(396, 'LEA 3', 'Police Patrol Operations with Police Communication System', 3, 'LEA 1 & 2'),
(397, 'Crim 4', 'Juvenile Delicuency', 3, 'None'),
(398, 'Def Tact 3/PE3c', 'First Aid and Water Survival', 3, 'None'),
(399, 'Criminalistics 1', 'Personal Identification', 4, 'None'),
(1002, 'IT 102', 'Fundamentals of Problem Solving', 3, '1st Yr'),
(1003, 'IT 103', 'Computer Fundamentals with Office', 3, '1st Yr'),
(1004, 'Math 1', 'College Algebra', 3, '1st Yr'),
(1005, 'Engl 1', 'Communication Arts 1', 3, '1st Yr'),
(10014, 'NatSci 1', 'Natural Science 1', 3, 'Math 1'),
(10015, 'PE 12', 'Rhythmic Activities', 2, 'PE 11'),
(10016, 'ReEd 20', 'Man, The Christian Believer', 3, 'ReED 10'),
(10017, 'CWTS 2', 'Civic Welfare Training Service 2', 3, 'CWTS'),
(10023, 'NatSci 2', 'Natural Science 2', 3, 'NatSci 1'),
(10024, 'ReEd 30', 'The Christian In Worship', 3, 'ReEd 20'),
(10025, 'PE 13', 'Physical Education 13', 2, 'PE 12'),
(10033, 'ReEd 40', 'The Christian Witness to the World', 3, 'ReEd30'),
(10034, 'PE 14', 'Physical Education 14', 2, 'PE 13'),
(10037, 'IT 206', 'System Analysis & Design', 3, 'IT 202'),
(10038, 'IT 207', 'Operating System 2', 3, 'It 203'),
(10040, 'IT elec 1', 'IT elective 1', 3, 'None'),
(10041, 'IT 101', 'Intro to Information Technology', 3, '1st Yr'),
(10046, 'Hum 1', 'General Psychology', 3, '1st Yr'),
(10047, 'ReEd 10', 'Man In Search of God', 3, '1st Yr'),
(10048, 'PE 11', 'Self-Testing Activities', 2, '1st Yr'),
(10049, 'CWTS 1', 'Civic Welfare Training Service 1', 3, '1st Yr'),
(10050, 'IT 104', 'Programming', 3, 'It 102'),
(10052, 'Math 2', 'Plane Trigonometry', 3, 'Math 1'),
(10053, 'Engl 2', 'Communication Arts 2', 3, 'Engl 1'),
(10058, 'IT 105', 'Object Oriented Programming 1', 3, 'IT 104'),
(10059, 'IT 106', 'Computer Organization with Assembly Language', 3, 'IT 104/103'),
(10060, 'IT 107', 'Discrete Structure', 3, ''),
(10061, 'IT 200', 'Fundamentals of Accounting', 3, 'IT 104'),
(10062, 'Fil 2', 'Filipino sa Iba''t Ibang Larangan', 3, 'Fil 1'),
(10066, 'IT 201', 'Object Oriented Programming 2', 3, 'IT 105'),
(10067, 'IT 202', 'Data Structure and Algorithms', 3, 'IT 105'),
(10068, 'It 203', 'Operating System 1', 3, 'It 106'),
(10069, 'IT 204', 'Dataase Management System 1', 3, 'IT 105/106'),
(10070, 'Hum 2', 'Arts  Appreciation', 3, ''),
(10071, 'Engl 3', 'Speech Improvement', 3, 'Engl 2'),
(10072, 'Hist 1', 'Rizal''s Life, Works & Writings', 3, ''),
(10075, 'IT 205', 'Database Management System 2', 3, 'IT 204'),
(10076, 'Math 3', 'Statistics', 3, 'Math 1'),
(10079, 'Hum 3', 'Logic', 3, 'None'),
(10081, 'Lit 1', 'Philippine Literature', 3, 'None'),
(10090, 'FreeEl 1', 'Free Elective 1', 3, 'None'),
(10093, 'FreeEl 2', 'Free Elective 2', 3, 'None'),
(10094, 'Engl 4', 'Technical Writing & Presentation Skill in IT', 3, 'Engl 3'),
(100100, 'SocSci 1', 'Society & Culture(with Family Planning, HIV Orientation and Drug Awareness)', 3, ''),
(100101, 'IT 208', 'Web Development', 3, 'IT 204'),
(100102, 'IT 209', 'Multimedia System', 3, 'IT 205'),
(100103, 'IT 300', 'Professional Ethics for IT with Values', 3, 'None'),
(100104, 'IT 301', 'Current Trends in IT', 3, 'None'),
(100105, 'IT 400', 'Software Engineering', 3, 'IT 206'),
(100106, 'IT Elec 2', 'IT Elective 2', 3, 'None'),
(100109, 'IT 500', 'Practicum (486 hours)', 9, 'IT 300/201/206/205'),
(100110, 'IT Elec 3', 'IT Elective 3', 3, 'None'),
(100113, 'Econ 1', 'Economics, Taxation & Agrarian Reform', 3, 'None'),
(100114, 'IT 501', 'IT Project(Project Proposal)', 3, '4th Yr Standing'),
(100115, 'IT 502', 'IT Project 2(Project Defense)', 3, 'IT 500\r\nEngl 4'),
(100116, 'IT Elec 4', 'IT Elective 4', 3, 'None');

-- --------------------------------------------------------

--
-- Table structure for table `student`
--

CREATE TABLE IF NOT EXISTS `student` (
`stud_id` int(11) NOT NULL,
  `fname` varchar(50) NOT NULL,
  `middle` varchar(50) NOT NULL,
  `lname` varchar(50) NOT NULL,
  `gender` varchar(50) NOT NULL,
  `age` varchar(255) NOT NULL,
  `address` varchar(255) NOT NULL,
  `contact_num` varchar(50) NOT NULL,
  `course` varchar(50) NOT NULL,
  `year` varchar(50) NOT NULL,
  `school_year` varchar(255) NOT NULL,
  `stud_image` varchar(50) NOT NULL,
  `cl_qualified` varchar(20) NOT NULL,
  `total_units` int(1) NOT NULL,
  `dept` varchar(50) NOT NULL,
  `parent_id` int(11) NOT NULL
) ENGINE=InnoDB  DEFAULT CHARSET=latin1 AUTO_INCREMENT=100043 ;

--
-- Dumping data for table `student`
--

INSERT INTO `student` (`stud_id`, `fname`, `middle`, `lname`, `gender`, `age`, `address`, `contact_num`, `course`, `year`, `school_year`, `stud_image`, `cl_qualified`, `total_units`, `dept`, `parent_id`) VALUES
(100011, 'Robie', 'A.', 'Reyes', '2004', '21', 'Talamban, Cebu City', '09234567899', 'BSIT', '4th Year', '2017-2018', 'f.png', 'true', 166, '', 2002),
(100012, 'Jestine', 'B.', 'Catubis', 'Female', '21', 'Talamban, Cebu City', '09236549877', 'BSEd', '1st Year', '2017-2018', 'p.jpg', 'true', 10, '', 2002),
(100013, 'Judy Ann', 'I.', 'Redoblado', 'Female', '21', 'Talamban, Cebu City', '09424563987', 'BSEd', '1st Year', '2017-2018', 'z.png', 'true', 10, '', 2002),
(100014, 'Rizzabel', 'A.', 'Alfon', 'Female', '19', ' Talamban, Cebu City', '09465464632', 'AB-English', '1st Year', '2017-2018', 'aa.png', 'true', 3, '', 0),
(100015, 'Judy Ann', 'A.', 'Dungon', 'Female', '21', 'Talamban, Cebu City', '09428979613', 'AB-English', '1st Year', '2017-2018', 'bb.jpg', 'true', 6, '', 2002),
(100016, 'Roxanne', 'F.', 'Beceril', 'Female', '22', 'Mandaue City', '09325464698', 'AB Psychology', '1st Year', '2017-2018', 'dd.jpg', 'true', 6, '', 0),
(100017, 'Justine', 'M.', 'Paquit ', 'Female', '19', 'Talamban, Cebu City', '09425346871', 'BSIT', '1st Year', '2017-2018', 'ff.png', 'true', 6, '', 0),
(100018, 'Jake', 'J.', 'Carbajal', 'Male', '20', 'Cabancalan, Mandaue City', '09321431349', 'BSIT', '1st Year', '2017-2018', 'd.png', 'true', 6, '', 0),
(100019, 'Kyle', 'K.', 'Cabansay', 'Male', '24', 'Talamban, Cebu City', '06931564796', 'BSIT', '3rd Year', '2017-2018', 'b.jpg', 'true', 92, '', 0),
(100020, 'Christine', 'M.', 'Arante', 'Female', '19', 'Canduman, Mandue City', '09823216546', 'BS Criminology', '1st Year', '2017-2018', 'z.png', 'true', 9, '', 0),
(100021, 'Hanah', 'G.', 'Sellon', 'Female', '20', 'Talamban, Cebu City', '09546531313', 'HRM', '1st Year', '2017-2018', 'zz.png', 'true', 6, '', 0),
(100022, 'Daisy', 'C.', 'Minaris', 'Female', '20', 'Talamban, Cebu City', '09242131313', 'HRM', '1st Year', '2017-2018', 'vv.png', 'true', 6, '', 0),
(100023, 'Rezan Mae', 'L.', 'Paquibot', 'Female', '20', 'Talamban, Cebu City', '09445464682', 'BSIT', '1st Year', '2017-2018', 'ss.jpg', 'true', 6, '', 0),
(100024, 'Kylene', 'O.', 'Coca', 'Female', '21', 'Cabancalan, Mandaue City', '09346546546', 'BSEd', '3rd Year', '2017-2018', 'p.jpg', 'true', 90, '', 0),
(100025, 'Nicole', 'M.', 'Bantilan', 'Female', '21', 'Mandaue City', '09311231364', 'BEEd', '2nd Year', '2017-2018', 'jj.jpg', 'true', 55, '', 0),
(100026, 'Ella', 'E.', 'Sortijas', 'Female', '19', 'Talamban, Cebu City', '09541321321', 'BSIT', '1st Year', '2017-2018', 'll.jpg', 'true', 6, '', 0),
(100027, 'Zenebeth', 'A.', 'Bertofolo', 'Female', '20', 'Talamban, Cebu City', '09123654987', 'BEEd', '1st Year', '2017-2018', 'aa.png', 'true', 7, '', 0),
(100028, 'Ferrelyn', 'B.', 'Catarata', 'Female', '22', 'Mandaue City', '09654654321', 'AB Psychology', '1st Year', '2017-2018', 'f.png', 'true', 3, '', 0),
(100029, 'Rowena', 'K.', 'Fuentes', 'Female', '22', 'Talamban, Cebu City', '09212313131', 'AB Psychology', '1st Year', '2017-2018', 'kk.jpg', 'true', 3, '', 0),
(100030, 'Noel', 'D.', 'Celocia', 'Male', '20', 'Looc, Mandaue City', '09196933412', 'BSIT', '4th Year', '2017-2018', 't.jpg', 'true', 158, '', 0),
(100032, 'Cherry Mae', '', 'Semblante', 'Female', '22', 'Talamban, Cebu City', '09564654613', 'BEEd', '3rd Year', '2017-2018', 'bb.jpg', 'true', 93, '', 0),
(100033, 'Ruby Ann', 'F.', 'Buro', 'Male', '20', 'Liloan, Cebu City', '09321341843', 'HRM', '1st Year', '2017-2018', 'gg.jpg', 'true', 6, '', 0),
(100034, 'Jomar', 'D.', 'Himal', 'Male', '22', 'Talamban, Cebu City', '09602134896', 'BS Criminology', '1st Year', '2017-2018', 'c.png', 'true', 18, '', 0),
(100035, 'Carren', 'L.', 'Aboy', 'Female', '22', 'Canduman, Mandue City', '09313213216', 'BSBA', '1st Year', '2017-2018', 'kk.jpg', 'true', 5, '', 0),
(100036, 'Augie Ken', 'P.', 'Bestil', 'Male', '26', 'Talamban, Cebu City', '09831231564', 'BSIT', '4th Year', '2017-2018', 'x.png', 'true', 158, '', 0),
(100037, 'Khaye', 'A.', 'Loon', 'Female', '21', 'Looc, Mandaue City', '09230214987', 'BSIT', '4th Year', '2017-2018', 'ss.jpg', 'true', 158, '', 0),
(100038, 'Mark Dave', 'A.', 'Minoza', 'Male', '20', 'Talamban, Cebu City', '09321324984', 'BSIT', '4th Year', '2017-2018', 'u.png', 'true', 158, '', 0),
(100039, 'Dhalia', 'C.', 'Yoon', 'Female', '18', 'Talamban, Cebu City', '09832135485', 'BSEd', '1st Year', '2017-2018', 'hh.png', 'true', 6, '', 0),
(100040, 'Maria Fe', 'C.', 'Piel', 'Female', '20', 'Talamban, Cebu City', '09216549843', 'BSBA', '1st Year', '2017-2018', 'll.jpg', 'true', 3, '', 0),
(100041, 'Algen', 'A.', 'Alesna', 'Male', '20', 'Cabancalan, Mandaue City', '09413168432', 'BSBA', '1st Year', '2017-2018', 'm.png', 'true', 3, '', 0),
(100042, 'Aaaaaa', 'A.', 'Aaaaaaaaaaaa', 'Female', '13', 'Talamban, Cebu City', '09123456789', 'BSIT', '1st Year', '2017-2018', 'user.png', 'not yet', 0, 'college', 2004);

-- --------------------------------------------------------

--
-- Table structure for table `student_subjects`
--

CREATE TABLE IF NOT EXISTS `student_subjects` (
`id` int(11) NOT NULL,
  `stud_id` int(11) NOT NULL,
  `sub_id` int(11) NOT NULL,
  `teacher_id` int(11) NOT NULL,
  `bin` tinyint(1) NOT NULL
) ENGINE=InnoDB  DEFAULT CHARSET=latin1 AUTO_INCREMENT=704 ;

--
-- Dumping data for table `student_subjects`
--

INSERT INTO `student_subjects` (`id`, `stud_id`, `sub_id`, `teacher_id`, `bin`) VALUES
(151, 100011, 52, 20170011, 0),
(152, 100019, 52, 20170011, 0),
(153, 100018, 52, 20170011, 0),
(154, 100023, 52, 20170011, 0),
(155, 100011, 53, 20170007, 0),
(156, 100017, 53, 20170007, 0),
(157, 100018, 53, 20170007, 0),
(158, 100019, 53, 20170007, 0),
(161, 100011, 54, 20170005, 0),
(162, 100019, 54, 20170005, 0),
(163, 100018, 54, 20170005, 0),
(164, 100017, 54, 20170005, 0),
(165, 100012, 55, 20170008, 0),
(166, 100014, 55, 20170008, 0),
(167, 100020, 55, 20170008, 0),
(168, 100021, 55, 20170008, 0),
(169, 100025, 55, 20170008, 0),
(170, 100011, 56, 20170007, 0),
(171, 100017, 56, 20170007, 0),
(172, 100019, 56, 20170007, 0),
(173, 100018, 56, 20170007, 0),
(175, 100011, 57, 20170010, 0),
(176, 100018, 57, 20170010, 0),
(177, 100019, 57, 20170010, 0),
(178, 100017, 57, 20170010, 0),
(180, 100012, 58, 20170011, 0),
(181, 100013, 58, 20170011, 0),
(182, 100014, 58, 20170011, 0),
(183, 100015, 58, 20170011, 0),
(185, 100011, 59, 20170007, 0),
(186, 100019, 59, 20170007, 0),
(187, 100017, 59, 20170007, 0),
(188, 100018, 59, 20170007, 0),
(190, 100011, 60, 20170005, 0),
(191, 100017, 60, 20170005, 0),
(192, 100018, 60, 20170005, 0),
(193, 100019, 60, 20170005, 0),
(195, 100011, 61, 20170005, 0),
(197, 100017, 61, 20170005, 0),
(198, 100019, 61, 20170005, 0),
(199, 100018, 61, 20170005, 0),
(200, 100011, 62, 20170011, 0),
(201, 100020, 62, 20170011, 0),
(202, 100021, 62, 20170011, 0),
(204, 100019, 62, 20170011, 0),
(205, 100017, 62, 20170011, 0),
(207, 100011, 63, 20170005, 0),
(208, 100017, 63, 20170005, 0),
(209, 100018, 63, 20170005, 0),
(210, 100019, 63, 20170005, 0),
(212, 100011, 64, 20170007, 0),
(213, 100017, 64, 20170007, 0),
(214, 100018, 64, 20170007, 0),
(215, 100019, 64, 20170007, 0),
(217, 100011, 65, 20170010, 0),
(218, 100019, 65, 20170010, 0),
(219, 100017, 65, 20170010, 0),
(220, 100018, 65, 20170010, 0),
(222, 100011, 66, 20170005, 0),
(224, 100017, 66, 20170005, 0),
(225, 100019, 66, 20170005, 0),
(226, 100018, 66, 20170005, 0),
(227, 100011, 68, 20170005, 0),
(228, 100019, 68, 20170005, 0),
(229, 100017, 68, 20170005, 0),
(230, 100018, 68, 20170005, 0),
(232, 100011, 69, 20170010, 0),
(233, 100018, 69, 20170010, 0),
(234, 100017, 69, 20170010, 0),
(235, 100019, 69, 20170010, 0),
(238, 100011, 71, 20170005, 0),
(239, 100017, 71, 20170005, 0),
(240, 100019, 71, 20170005, 0),
(241, 100018, 71, 20170005, 0),
(243, 100012, 72, 20170011, 0),
(244, 100013, 72, 20170011, 0),
(245, 100015, 72, 20170011, 0),
(246, 100014, 72, 20170011, 0),
(247, 100024, 72, 20170011, 0),
(252, 100022, 73, 20170008, 0),
(253, 100021, 73, 20170008, 0),
(254, 100023, 73, 20170008, 0),
(255, 100020, 73, 20170008, 0),
(256, 100020, 74, 20170009, 0),
(257, 100011, 75, 20170007, 0),
(258, 100017, 75, 20170007, 0),
(259, 100018, 75, 20170007, 0),
(260, 100019, 75, 20170007, 0),
(263, 100012, 68, 20170005, 0),
(264, 100011, 79, 20170015, 0),
(265, 100015, 79, 20170015, 0),
(266, 100032, 79, 20170015, 0),
(267, 100016, 79, 20170015, 0),
(268, 100030, 79, 20170015, 0),
(269, 100034, 79, 20170015, 0),
(270, 100038, 79, 20170015, 0),
(271, 100036, 79, 20170015, 0),
(272, 100037, 79, 20170015, 0),
(273, 100019, 79, 20170015, 0),
(274, 100030, 76, 20170005, 0),
(275, 100011, 76, 20170005, 0),
(276, 100019, 76, 20170005, 0),
(277, 100038, 76, 20170005, 0),
(278, 100036, 76, 20170005, 0),
(279, 100037, 76, 20170005, 0),
(280, 100030, 77, 20170005, 0),
(281, 100038, 77, 20170005, 0),
(282, 100036, 77, 20170005, 0),
(283, 100011, 77, 20170005, 0),
(284, 100037, 77, 20170005, 0),
(285, 100030, 82, 20170016, 0),
(286, 100011, 82, 20170016, 0),
(287, 100038, 82, 20170016, 0),
(288, 100036, 82, 20170016, 0),
(289, 100037, 82, 20170016, 0),
(290, 100024, 84, 20170011, 0),
(291, 100032, 84, 20170011, 0),
(292, 100030, 80, 20170015, 0),
(293, 100011, 80, 20170015, 0),
(294, 100019, 80, 20170015, 0),
(295, 100036, 80, 20170015, 0),
(296, 100038, 80, 20170015, 0),
(297, 100037, 80, 20170015, 0),
(298, 100030, 83, 20170016, 0),
(299, 100036, 83, 20170016, 0),
(300, 100038, 83, 20170016, 0),
(301, 100011, 83, 20170016, 0),
(302, 100037, 83, 20170016, 0),
(303, 100030, 81, 20170016, 0),
(304, 100011, 81, 20170016, 0),
(305, 100019, 81, 20170016, 0),
(306, 100036, 81, 20170016, 0),
(307, 100037, 81, 20170016, 0),
(308, 100038, 81, 20170016, 0),
(309, 100030, 78, 20170011, 0),
(310, 100036, 78, 20170011, 0),
(311, 100038, 78, 20170011, 0),
(312, 100037, 78, 20170011, 0),
(313, 100011, 78, 20170011, 0),
(314, 100011, 87, 20170015, 0),
(315, 100030, 87, 20170015, 0),
(316, 100037, 87, 20170015, 0),
(317, 100038, 87, 20170015, 0),
(318, 100019, 87, 20170015, 0),
(319, 100032, 87, 20170015, 0),
(320, 100036, 87, 20170015, 0),
(321, 100011, 85, 20170005, 0),
(322, 100019, 85, 20170005, 0),
(323, 100030, 85, 20170005, 0),
(324, 100038, 85, 20170005, 0),
(325, 100036, 85, 20170005, 0),
(326, 100037, 85, 20170005, 0),
(327, 100011, 86, 20170005, 0),
(328, 100030, 86, 20170005, 0),
(329, 100037, 86, 20170005, 0),
(330, 100038, 86, 20170005, 0),
(331, 100036, 86, 20170005, 0),
(332, 100011, 89, 20170005, 0),
(333, 100030, 89, 20170005, 0),
(334, 100036, 89, 20170005, 0),
(335, 100037, 89, 20170005, 0),
(336, 100038, 89, 20170005, 0),
(337, 100011, 90, 20170005, 0),
(338, 100030, 90, 20170005, 0),
(339, 100038, 90, 20170005, 0),
(340, 100037, 90, 20170005, 0),
(341, 100036, 90, 20170005, 0),
(342, 100011, 91, 20170005, 0),
(343, 100030, 91, 20170005, 0),
(344, 100038, 91, 20170005, 0),
(345, 100037, 91, 20170005, 0),
(346, 100036, 91, 20170005, 0),
(347, 100011, 88, 20170017, 0),
(348, 100030, 88, 20170017, 0),
(349, 100037, 88, 20170017, 0),
(350, 100036, 88, 20170017, 0),
(351, 100038, 88, 20170017, 0),
(352, 100011, 98, 20170015, 0),
(353, 100019, 98, 20170015, 0),
(354, 100030, 98, 20170015, 0),
(355, 100032, 98, 20170015, 0),
(356, 100038, 98, 20170015, 0),
(357, 100037, 98, 20170015, 0),
(358, 100036, 98, 20170015, 0),
(359, 100011, 93, 20170005, 0),
(360, 100019, 93, 20170005, 0),
(361, 100030, 93, 20170005, 0),
(362, 100036, 93, 20170005, 0),
(363, 100038, 93, 20170005, 0),
(364, 100037, 93, 20170005, 0),
(365, 100030, 96, 20170005, 0),
(366, 100036, 96, 20170005, 0),
(367, 100038, 96, 20170005, 0),
(368, 100037, 96, 20170005, 0),
(369, 100011, 96, 20170005, 0),
(370, 100019, 96, 20170005, 0),
(371, 100011, 99, 20170010, 0),
(372, 100030, 99, 20170010, 0),
(373, 100036, 99, 20170010, 0),
(374, 100038, 99, 20170010, 0),
(375, 100037, 99, 20170010, 0),
(376, 100011, 92, 20170005, 0),
(377, 100030, 92, 20170005, 0),
(378, 100036, 92, 20170005, 0),
(379, 100038, 92, 20170005, 0),
(380, 100037, 92, 20170005, 0),
(381, 100011, 94, 20170012, 0),
(382, 100030, 94, 20170012, 0),
(383, 100036, 94, 20170012, 0),
(384, 100037, 94, 20170012, 0),
(385, 100038, 94, 20170012, 0),
(386, 100011, 95, 20170015, 0),
(387, 100036, 95, 20170015, 0),
(388, 100038, 95, 20170015, 0),
(389, 100030, 95, 20170015, 0),
(390, 100037, 95, 20170015, 0),
(391, 100030, 97, 20170016, 0),
(392, 100036, 97, 20170016, 0),
(393, 100011, 97, 20170016, 0),
(394, 100038, 97, 20170016, 0),
(395, 100037, 97, 20170016, 0),
(396, 100011, 105, 20170015, 0),
(397, 100030, 105, 20170015, 0),
(398, 100036, 105, 20170015, 0),
(399, 100037, 105, 20170015, 0),
(400, 100038, 105, 20170015, 0),
(401, 100011, 107, 20170011, 0),
(402, 100030, 107, 20170011, 0),
(403, 100036, 107, 20170011, 0),
(404, 100038, 107, 20170011, 0),
(405, 100037, 107, 20170011, 0),
(406, 100011, 102, 20170008, 0),
(407, 100030, 102, 20170008, 0),
(408, 100037, 102, 20170008, 0),
(409, 100038, 102, 20170008, 0),
(410, 100036, 102, 20170008, 0),
(412, 100011, 104, 20170005, 0),
(413, 100030, 104, 20170005, 0),
(414, 100036, 104, 20170005, 0),
(415, 100038, 104, 20170005, 0),
(416, 100037, 104, 20170005, 0),
(417, 100030, 103, 20170010, 0),
(418, 100011, 103, 20170010, 0),
(419, 100038, 103, 20170010, 0),
(420, 100036, 103, 20170010, 0),
(421, 100037, 103, 20170010, 0),
(422, 100011, 106, 20170017, 0),
(423, 100030, 106, 20170017, 0),
(424, 100036, 106, 20170017, 0),
(425, 100038, 106, 20170017, 0),
(426, 100037, 106, 20170017, 0),
(427, 100011, 100, 20170016, 0),
(428, 100030, 100, 20170016, 0),
(429, 100036, 100, 20170016, 0),
(430, 100038, 100, 20170016, 0),
(431, 100037, 100, 20170016, 0),
(432, 100011, 115, 20170007, 0),
(433, 100030, 115, 20170007, 0),
(434, 100036, 115, 20170007, 0),
(435, 100038, 115, 20170007, 0),
(436, 100037, 115, 20170007, 0),
(437, 100019, 115, 20170007, 0),
(438, 100011, 111, 20170010, 0),
(439, 100030, 111, 20170010, 0),
(440, 100036, 111, 20170010, 0),
(441, 100038, 111, 20170010, 0),
(442, 100037, 111, 20170010, 0),
(443, 100011, 108, 20170005, 0),
(444, 100030, 108, 20170005, 0),
(445, 100038, 108, 20170005, 0),
(446, 100036, 108, 20170005, 0),
(447, 100037, 108, 20170005, 0),
(448, 100011, 113, 20170005, 0),
(449, 100036, 113, 20170005, 0),
(450, 100038, 113, 20170005, 0),
(451, 100037, 113, 20170005, 0),
(452, 100030, 113, 20170005, 0),
(453, 100011, 114, 20170005, 0),
(454, 100030, 114, 20170005, 0),
(455, 100036, 114, 20170005, 0),
(456, 100038, 114, 20170005, 0),
(457, 100037, 114, 20170005, 0),
(458, 100011, 109, 20170005, 0),
(459, 100038, 109, 20170005, 0),
(460, 100030, 109, 20170005, 0),
(461, 100036, 109, 20170005, 0),
(462, 100037, 109, 20170005, 0),
(463, 100011, 110, 20170007, 0),
(464, 100038, 110, 20170007, 0),
(465, 100036, 110, 20170007, 0),
(466, 100030, 110, 20170007, 0),
(467, 100019, 110, 20170007, 0),
(468, 100037, 110, 20170007, 0),
(469, 100011, 112, 20170010, 0),
(470, 100019, 112, 20170010, 0),
(471, 100030, 112, 20170010, 0),
(472, 100036, 112, 20170010, 0),
(473, 100037, 112, 20170010, 0),
(474, 100038, 112, 20170010, 0),
(475, 100011, 123, 20170005, 0),
(476, 100030, 123, 20170005, 0),
(477, 100038, 123, 20170005, 0),
(478, 100036, 123, 20170005, 0),
(479, 100037, 123, 20170005, 0),
(480, 100019, 123, 20170005, 0),
(481, 100011, 116, 20170005, 0),
(482, 100019, 116, 20170005, 0),
(483, 100030, 116, 20170005, 0),
(484, 100038, 116, 20170005, 0),
(485, 100036, 116, 20170005, 0),
(486, 100037, 116, 20170005, 0),
(487, 100011, 117, 20170005, 0),
(488, 100019, 117, 20170005, 0),
(489, 100030, 117, 20170005, 0),
(490, 100036, 117, 20170005, 0),
(491, 100037, 117, 20170005, 0),
(492, 100038, 117, 20170005, 0),
(493, 100011, 118, 20170005, 0),
(494, 100019, 118, 20170005, 0),
(495, 100030, 118, 20170005, 0),
(496, 100038, 118, 20170005, 0),
(497, 100037, 118, 20170005, 0),
(498, 100036, 118, 20170005, 0),
(499, 100011, 119, 20170005, 0),
(500, 100019, 119, 20170005, 0),
(501, 100030, 119, 20170005, 0),
(502, 100036, 119, 20170005, 0),
(503, 100038, 119, 20170005, 0),
(504, 100037, 119, 20170005, 0),
(505, 100030, 120, 20170005, 0),
(506, 100036, 120, 20170005, 0),
(507, 100038, 120, 20170005, 0),
(508, 100037, 120, 20170005, 0),
(509, 100011, 120, 20170005, 0),
(510, 100019, 120, 20170005, 0),
(511, 100011, 121, 20170005, 0),
(512, 100019, 121, 20170005, 0),
(513, 100036, 121, 20170005, 0),
(514, 100038, 121, 20170005, 0),
(515, 100037, 121, 20170005, 0),
(516, 100030, 121, 20170005, 0),
(517, 100011, 122, 20170007, 0),
(518, 100036, 122, 20170007, 0),
(519, 100019, 122, 20170007, 0),
(520, 100030, 122, 20170007, 0),
(521, 100038, 122, 20170007, 0),
(522, 100037, 122, 20170007, 0),
(523, 100030, 126, 20170011, 0),
(524, 100011, 126, 20170011, 0),
(525, 100036, 126, 20170011, 0),
(526, 100038, 126, 20170011, 0),
(527, 100037, 126, 20170011, 0),
(528, 100011, 125, 20170005, 0),
(529, 100036, 125, 20170005, 0),
(530, 100038, 125, 20170005, 0),
(531, 100030, 125, 20170005, 0),
(532, 100037, 125, 20170005, 0),
(533, 100011, 130, 20170008, 0),
(534, 100030, 130, 20170008, 0),
(535, 100038, 130, 20170008, 0),
(536, 100036, 130, 20170008, 0),
(537, 100037, 130, 20170008, 0),
(538, 100011, 127, 20170005, 0),
(539, 100036, 127, 20170005, 0),
(540, 100030, 127, 20170005, 0),
(541, 100038, 127, 20170005, 0),
(542, 100037, 127, 20170005, 0),
(543, 100011, 124, 20170005, 0),
(544, 100036, 124, 20170005, 0),
(545, 100038, 124, 20170005, 0),
(546, 100037, 124, 20170005, 0),
(547, 100030, 124, 20170005, 0),
(548, 100011, 128, 20170008, 0),
(549, 100036, 128, 20170008, 0),
(550, 100038, 128, 20170008, 0),
(551, 100037, 128, 20170008, 0),
(552, 100030, 128, 20170008, 0),
(553, 100011, 129, 20170008, 0),
(554, 100036, 129, 20170008, 0),
(555, 100030, 129, 20170008, 0),
(556, 100038, 129, 20170008, 0),
(557, 100037, 129, 20170008, 0),
(558, 100012, 132, 20170007, 0),
(559, 100013, 132, 20170007, 0),
(560, 100014, 132, 20170007, 0),
(561, 100015, 132, 20170007, 0),
(562, 100017, 132, 20170007, 0),
(563, 100019, 132, 20170007, 0),
(564, 100021, 132, 20170007, 0),
(565, 100024, 132, 20170007, 0),
(566, 100027, 132, 20170007, 0),
(567, 100029, 132, 20170007, 0),
(568, 100026, 132, 20170007, 0),
(569, 100016, 132, 20170007, 0),
(570, 100033, 132, 20170007, 0),
(571, 100034, 132, 20170007, 0),
(572, 100035, 132, 20170007, 0),
(573, 100028, 132, 20170007, 0),
(574, 100020, 132, 20170007, 0),
(575, 100022, 132, 20170007, 0),
(576, 100025, 132, 20170007, 0),
(577, 100039, 132, 20170007, 0),
(578, 100041, 132, 20170007, 0),
(579, 100040, 132, 20170007, 0),
(580, 100032, 132, 20170007, 0),
(581, 100012, 138, 20170011, 0),
(582, 100013, 138, 20170011, 0),
(583, 100024, 138, 20170011, 0),
(584, 100025, 138, 20170011, 0),
(585, 100027, 138, 20170011, 0),
(586, 100032, 138, 20170011, 0),
(587, 100039, 138, 20170011, 0),
(588, 100012, 135, 20170011, 0),
(589, 100013, 135, 20170011, 0),
(590, 100024, 135, 20170011, 0),
(591, 100025, 135, 20170011, 0),
(592, 100027, 135, 20170011, 0),
(593, 100021, 131, 20170007, 0),
(594, 100020, 131, 20170007, 0),
(595, 100022, 131, 20170007, 0),
(596, 100033, 131, 20170007, 0),
(597, 100034, 131, 20170007, 0),
(598, 100012, 136, 20170005, 0),
(599, 100032, 136, 20170005, 0),
(600, 100013, 136, 20170005, 0),
(601, 100024, 136, 20170005, 0),
(602, 100025, 136, 20170005, 0),
(603, 100023, 133, 20170005, 0),
(604, 100018, 133, 20170005, 0),
(605, 100026, 133, 20170005, 0),
(606, 100023, 134, 20170005, 0),
(607, 100018, 134, 20170005, 0),
(608, 100017, 134, 20170005, 0),
(609, 100011, 139, 20170005, 0),
(611, 100030, 139, 20170005, 0),
(612, 100036, 139, 20170005, 0),
(613, 100037, 139, 20170005, 0),
(614, 100038, 139, 20170005, 0),
(615, 100032, 82, 20170016, 0),
(616, 100034, 82, 20170016, 0),
(617, 100019, 82, 20170016, 0),
(618, 100024, 80, 20170015, 0),
(619, 100032, 80, 20170015, 0),
(620, 100034, 80, 20170015, 0),
(621, 100032, 83, 20170016, 0),
(622, 100034, 83, 20170016, 0),
(623, 100019, 83, 20170016, 0),
(624, 100024, 83, 20170016, 0),
(625, 100019, 77, 20170005, 0),
(626, 100032, 81, 20170016, 0),
(627, 100024, 81, 20170016, 0),
(628, 100035, 81, 20170016, 0),
(629, 100019, 78, 20170011, 0),
(630, 100024, 78, 20170011, 0),
(631, 100032, 78, 20170011, 0),
(632, 100024, 140, 20170007, 0),
(633, 100032, 140, 20170007, 0),
(634, 100032, 142, 20170011, 0),
(635, 100024, 142, 20170011, 0),
(637, 100024, 143, 20170011, 0),
(638, 100032, 143, 20170011, 0),
(639, 100024, 87, 20170015, 0),
(640, 100019, 86, 20170005, 0),
(641, 100019, 89, 20170005, 0),
(642, 100019, 90, 20170005, 0),
(643, 100019, 91, 20170005, 0),
(644, 100024, 88, 20170017, 0),
(645, 100032, 88, 20170017, 0),
(646, 100024, 144, 20170011, 0),
(647, 100032, 144, 20170011, 0),
(648, 100024, 129, 20170008, 0),
(649, 100024, 128, 20170008, 0),
(650, 100032, 145, 20170011, 0),
(651, 100024, 145, 20170011, 0),
(652, 100032, 146, 20170011, 0),
(653, 100024, 146, 20170011, 0),
(654, 100032, 129, 20170008, 0),
(655, 100025, 146, 20170011, 0),
(656, 100025, 145, 20170011, 0),
(657, 100032, 135, 20170011, 0),
(658, 100025, 129, 20170008, 0),
(659, 100032, 128, 20170008, 0),
(660, 100025, 128, 20170008, 0),
(661, 100032, 112, 20170010, 0),
(662, 100032, 110, 20170007, 0),
(663, 100024, 110, 20170007, 0),
(664, 100025, 110, 20170007, 0),
(665, 100025, 112, 20170010, 0),
(666, 100024, 112, 20170010, 0),
(667, 100024, 111, 20170010, 0),
(668, 100032, 111, 20170010, 0),
(669, 100025, 111, 20170010, 0),
(670, 100032, 147, 20170011, 0),
(671, 100025, 147, 20170011, 0),
(672, 100024, 147, 20170011, 0),
(673, 100032, 148, 20170012, 0),
(674, 100024, 148, 20170012, 0),
(675, 100025, 148, 20170012, 0),
(676, 100024, 115, 20170007, 0),
(677, 100025, 115, 20170007, 0),
(678, 100032, 115, 20170007, 0),
(679, 100024, 98, 20170015, 0),
(680, 100025, 98, 20170015, 0),
(681, 100019, 97, 20170016, 0),
(682, 100024, 97, 20170016, 0),
(683, 100032, 97, 20170016, 0),
(684, 100025, 97, 20170016, 0),
(685, 100025, 95, 20170015, 0),
(686, 100032, 95, 20170015, 0),
(687, 100024, 95, 20170015, 0),
(688, 100025, 94, 20170012, 0),
(689, 100024, 94, 20170012, 0),
(690, 100032, 94, 20170012, 0),
(691, 100032, 105, 20170015, 0),
(692, 100025, 105, 20170015, 0),
(693, 100024, 105, 20170015, 0),
(694, 100025, 107, 20170011, 0),
(695, 100024, 107, 20170011, 0),
(696, 100032, 107, 20170011, 0),
(697, 100024, 106, 20170017, 0),
(698, 100025, 106, 20170017, 0),
(699, 100032, 106, 20170017, 0),
(700, 100032, 103, 20170010, 0),
(701, 100025, 103, 20170010, 0),
(702, 100024, 103, 20170010, 0),
(703, 100024, 79, 20170015, 0);

-- --------------------------------------------------------

--
-- Table structure for table `subjects`
--

CREATE TABLE IF NOT EXISTS `subjects` (
`sub_id` int(11) NOT NULL,
  `sbjt_id` int(11) NOT NULL,
  `schedule` varchar(255) NOT NULL,
  `time_start` varchar(255) NOT NULL,
  `time_end` varchar(255) NOT NULL,
  `teacher_id` varchar(255) NOT NULL,
  `sy` varchar(255) NOT NULL,
  `semester` varchar(255) NOT NULL
) ENGINE=InnoDB  DEFAULT CHARSET=latin1 AUTO_INCREMENT=149 ;

--
-- Dumping data for table `subjects`
--

INSERT INTO `subjects` (`sub_id`, `sbjt_id`, `schedule`, `time_start`, `time_end`, `teacher_id`, `sy`, `semester`) VALUES
(76, 10041, 'Monday, Wednesday, Friday', '08:30', '09:30', '20170005', '2014-2015', '1st Semester'),
(77, 1002, 'Monday, Wednesday, Friday', '09:30', '10:30', '20170005', '2014-2015', '1st Semester'),
(78, 100100, 'Monday, Wednesday, Friday', '17:00', '18:00', '20170011', '2014-2015', '1st Semester'),
(79, 10049, 'Monday, Wednesday, Friday', '07:30', '08:30', '20170015', '2014-2015', '1st Semester'),
(80, 318, 'Monday, Wednesday, Friday', '08:30', '09:30', '20170015', '2014-2015', '1st Semester'),
(81, 10048, 'Tuesday, Thursday', '13:00', '14:00', '20170016', '2014-2015', '1st Semester'),
(82, 222, 'Monday, Wednesday, Friday', '13:00', '14:00', '20170016', '2014-2015', '1st Semester'),
(83, 319, 'Tuesday, Thursday', '13:00', '14:00', '20170016', '2014-2015', '1st Semester'),
(84, 26, 'Monday, Wednesday, Friday', '18:00', '19:00', '20170011', '2014-2015', '1st Semester'),
(85, 1003, 'Monday, Wednesday, Friday', '09:30', '10:30', '20170005', '2014-2015', '2nd Semester'),
(86, 10050, 'Monday, Wednesday, Friday', '11:30', '12:30', '20170005', '2014-2015', '2nd Semester'),
(87, 10062, 'Monday, Wednesday, Friday', '13:00', '14:00', '20170015', '2014-2015', '2nd Semester'),
(88, 10014, 'Monday, Wednesday, Friday', '13:00', '14:00', '20170017', '2014-2015', '2nd Semester'),
(89, 10066, 'Monday, Wednesday, Friday', '08:30', '09:30', '20170005', '2014-2015', '2nd Semester'),
(90, 10068, 'Monday, Wednesday, Friday', '09:30', '10:30', '20170005', '2014-2015', '2nd Semester'),
(91, 10069, 'Monday, Wednesday, Friday', '10:00', '11:00', '20170005', '2014-2015', '2nd Semester'),
(92, 10067, 'Monday, Wednesday, Friday', '07:30', '08:30', '20170005', '2015-2016', '1st Semester'),
(93, 10058, 'Monday, Wednesday, Friday', '08:30', '09:30', '20170005', '2015-2016', '1st Semester'),
(94, 1004, 'Monday, Wednesday, Friday', '05:00', '06:00', '20170012', '2015-2016', '1st Semester'),
(95, 10015, 'Monday, Wednesday, Friday', '08:30', '09:30', '20170015', '2015-2016', '1st Semester'),
(96, 10059, 'Monday, Wednesday, Friday', '11:30', '12:30', '20170005', '2015-2016', '1st Semester'),
(97, 10047, 'Monday, Wednesday, Friday', '08:30', '09:30', '20170016', '2015-2016', '1st Semester'),
(98, 10053, 'Monday, Wednesday, Friday', '10:30', '11:30', '20170015', '2015-2016', '1st Semester'),
(99, 10061, 'Monday, Wednesday, Friday', '13:00', '14:00', '20170010', '2015-2016', '1st Semester'),
(100, 62, 'Monday, Wednesday, Friday', '13:00', '14:00', '20170016', '2015-2016', '2nd Semester'),
(101, 10016, 'Monday, Wednesday, Friday', '08:30', '09:30', '20170015', '2015-2016', '2nd Semester'),
(102, 10072, 'Monday, Wednesday, Friday', '13:00', '14:00', '20170008', '2015-2016', '2nd Semester'),
(103, 10052, 'Monday, Wednesday, Friday', '13:00', '14:00', '20170010', '2015-2016', '2nd Semester'),
(104, 10060, 'Monday, Wednesday, Friday', '07:30', '08:30', '20170005', '2015-2016', '2nd Semester'),
(105, 10017, 'Monday, Wednesday, Friday', '14:00', '15:00', '20170015', '2015-2016', '2nd Semester'),
(106, 10023, 'Monday, Wednesday, Friday', '13:00', '14:00', '20170017', '2015-2016', '2nd Semester'),
(107, 10071, 'Monday, Wednesday, Friday', '17:00', '18:00', '20170011', '2015-2016', '2nd Semester'),
(108, 10075, 'Monday, Wednesday, Friday', '07:30', '08:30', '20170005', '2016-2017', '1st Semester'),
(109, 10040, 'Monday, Wednesday, Friday', '08:30', '09:30', '20170005', '2016-2017', '1st Semester'),
(110, 10081, 'Monday, Wednesday, Friday', '07:30', '08:30', '20170007', '2016-2017', '1st Semester'),
(111, 10079, 'Monday, Wednesday, Friday', '10:30', '11:30', '20170010', '2016-2017', '1st Semester'),
(112, 10076, 'Monday, Wednesday, Friday', '13:00', '14:00', '20170010', '2016-2017', '1st Semester'),
(113, 10037, 'Monday, Wednesday, Friday', '10:30', '11:30', '20170005', '2016-2017', '1st Semester'),
(114, 10038, 'Monday, Wednesday, Friday', '13:00', '14:00', '20170005', '2016-2017', '1st Semester'),
(115, 10046, 'Monday, Wednesday, Friday', '13:00', '14:00', '20170007', '2016-2017', '1st Semester'),
(116, 100101, 'Monday, Wednesday, Friday', '07:30', '08:30', '20170005', '2016-2017', '2nd Semester'),
(117, 100102, 'Monday, Wednesday, Friday', '08:30', '09:30', '20170005', '2016-2017', '2nd Semester'),
(118, 100103, 'Monday, Wednesday, Friday', '09:30', '10:30', '20170005', '2016-2017', '2nd Semester'),
(119, 100104, 'Monday, Wednesday, Friday', '10:30', '11:30', '20170005', '2016-2017', '2nd Semester'),
(120, 100105, 'Monday, Wednesday, Friday', '13:00', '14:00', '20170005', '2016-2017', '2nd Semester'),
(121, 100106, 'Tuesday, Thursday', '13:00', '14:00', '20170005', '2016-2017', '2nd Semester'),
(122, 33, 'Monday, Wednesday, Friday', '13:00', '14:00', '20170007', '2016-2017', '2nd Semester'),
(123, 10090, 'Tuesday, Thursday', '14:30', '16:00', '20170005', '2016-2017', '2nd Semester'),
(124, 100110, 'Monday, Wednesday, Friday', '08:30', '09:30', '20170005', '2017-2018', '1st Semester'),
(125, 10093, 'Monday, Wednesday, Friday', '09:30', '10:30', '20170005', '2017-2018', '1st Semester'),
(126, 10094, 'Monday, Wednesday, Friday', '17:00', '18:00', '20170011', '2017-2018', '1st Semester'),
(127, 100114, 'Monday, Wednesday, Friday', '13:00', '14:00', '20170005', '2017-2018', '1st Semester'),
(128, 10025, 'Tuesday, Thursday', '13:00', '14:00', '20170008', '2017-2018', '1st Semester'),
(129, 10034, 'Tuesday, Thursday', '14:30', '15:30', '20170008', '2017-2018', '1st Semester'),
(130, 10070, 'Monday, Wednesday, Friday', '13:00', '14:00', '20170008', '2017-2018', '1st Semester'),
(131, 392, 'Monday, Wednesday, Friday', '07:30', '08:30', '20170007', '2017-2018', '2nd Semester'),
(132, 10017, 'Monday, Wednesday, Friday', '13:00', '14:00', '20170007', '2017-2018', '2nd Semester'),
(133, 10050, 'Monday, Wednesday, Friday', '08:30', '09:30', '20170005', '2017-2018', '2nd Semester'),
(134, 100105, 'Monday, Wednesday, Friday', '13:00', '14:00', '20170005', '2017-2018', '2nd Semester'),
(135, 28, 'Monday, Wednesday, Friday', '17:00', '18:00', '20170011', '2017-2018', '2nd Semester'),
(136, 25, 'Monday, Wednesday, Friday', '15:00', '16:00', '20170005', '2017-2018', '2nd Semester'),
(137, 0, 'Monday, Wednesday, Friday', '13:00', '14:00', '20170009', '2017-2018', '2nd Semester'),
(138, 26, 'Monday, Wednesday, Friday', '18:00', '19:00', '20170011', '2017-2018', '2nd Semester'),
(139, 100115, 'Tuesday, Thursday', '16:00', '17:00', '20170005', '2017-2018', '2nd Semester'),
(140, 55, 'Monday, Wednesday, Friday', '13:00', '14:00', '20170007', '2014-2015', '1st Semester'),
(142, 35, 'Tuesday, Thursday', '17:00', '18:30', '20170011', '2014-2015', '1st Semester'),
(143, 72, 'Monday, Wednesday, Friday', '18:30', '20:00', '20170011', '2014-2015', '1st Semester'),
(144, 27, 'Monday, Wednesday, Friday', '19:00', '20:00', '20170011', '2014-2015', '2nd Semester'),
(145, 28, 'Tuesday, Thursday', '17:00', '18:30', '20170011', '2017-2018', '1st Semester'),
(146, 38, 'Tuesday, Thursday', '18:30', '20:00', '20170011', '2017-2018', '1st Semester'),
(147, 74, 'Monday, Wednesday, Friday', '17:00', '18:00', '20170011', '2016-2017', '2nd Semester'),
(148, 67, 'Monday, Wednesday, Friday', '17:00', '18:00', '20170012', '2016-2017', '2nd Semester');

-- --------------------------------------------------------

--
-- Table structure for table `teacher`
--

CREATE TABLE IF NOT EXISTS `teacher` (
`teacher_id` int(11) NOT NULL,
  `fname` varchar(50) NOT NULL,
  `middle` varchar(50) NOT NULL,
  `lname` varchar(50) NOT NULL,
  `gender` varchar(50) NOT NULL,
  `age` varchar(50) NOT NULL,
  `contact_num` varchar(255) NOT NULL,
  `email_address` varchar(255) NOT NULL,
  `address` varchar(255) NOT NULL,
  `teacher_pass` varchar(100) NOT NULL,
  `teacher_image` varchar(255) NOT NULL
) ENGINE=InnoDB  DEFAULT CHARSET=latin1 AUTO_INCREMENT=20170018 ;

--
-- Dumping data for table `teacher`
--

INSERT INTO `teacher` (`teacher_id`, `fname`, `middle`, `lname`, `gender`, `age`, `contact_num`, `email_address`, `address`, `teacher_pass`, `teacher_image`) VALUES
(20170005, 'Christopher Jay', 'A.', 'Capisnon', 'Male', '25', '0116541616', 'chirstophercapisnon@gmail.com', 'Alang-alang, Mandaue City', '5f4dcc3b5aa765d61d8327deb882cf99', 'w.png'),
(20170007, 'Christly', 'C.', 'Calleno', 'Male', '27', '0121212121', 'christlycalleno@gmail.com', 'Pit-os, Cebu City', '5f4dcc3b5aa765d61d8327deb882cf99', 'm.png'),
(20170008, 'Jacklord', 'G.', 'Arila', 'Male', '28', '0918181818', 'jacklordarila@gmail.com', 'Pit-os, Cebu City', '5f4dcc3b5aa765d61d8327deb882cf99', 'v.jpg'),
(20170009, 'Ed', 'E.', 'Maribojoc', 'Male', '50', '091111111111', 'maribojoc_ed@gmail.com', 'Mandaue City', '5f4dcc3b5aa765d61d8327deb882cf99', 'q.jpg'),
(20170010, 'Lyralyn', 'A.', 'Veloso', 'Female', '31', '091212444444', 'velosolyralyn@gmail.com', 'Canduman, Cebu City', '5f4dcc3b5aa765d61d8327deb882cf99', 'ss.jpg'),
(20170011, 'Elena', 'I.', 'Tuhoy', 'Female', '40', '0912121414', 'tuhoyelene@gmail.com', 'Pit-os, Cebu City', '5f4dcc3b5aa765d61d8327deb882cf99', 'p.jpg'),
(20170012, 'Marivic', 'A.', 'Famador', 'Female', '18', '0911131355', 'famadormrs@gmail.com', 'Pit-os, Cebu City', '5f4dcc3b5aa765d61d8327deb882cf99', 'f.png'),
(20170013, 'Ademar', 'A.', 'Famador', 'Male', '18', '091111111111', 'famadormr@gmail.com', 'Pit-os, Cebu City', '5f4dcc3b5aa765d61d8327deb882cf99', 's.png'),
(20170014, 'Phil Anthony', 'M.', 'Phua', 'Male', '40', '091111111111', 'phuaanthony@gmail.com', 'Talamban, Cebu City', '5f4dcc3b5aa765d61d8327deb882cf99', 'u.png'),
(20170015, 'Rosejean', 'H.', 'Laspuna', 'Female', '24', '09321316546', 'rosejane@gmail.com', 'Talamban, Cebu City', '5f4dcc3b5aa765d61d8327deb882cf99', 'll.jpg'),
(20170016, 'Racel', 'L.', 'Agbay', 'Female', '25', '02921321321', 'racel@gmail.com', 'Talamban, Cebu City', '5f4dcc3b5aa765d61d8327deb882cf99', 'hh.png'),
(20170017, 'Junrel', 'B.', 'Capuno', 'Male', '25', '09231321321', 'junrel@gmail.com', 'Mandaue City', '5f4dcc3b5aa765d61d8327deb882cf99', 'c.png');

-- --------------------------------------------------------

--
-- Table structure for table `time_frame`
--

CREATE TABLE IF NOT EXISTS `time_frame` (
`tf_id` int(11) NOT NULL,
  `from_date` varchar(255) NOT NULL,
  `to_date` varchar(255) NOT NULL,
  `term` varchar(50) NOT NULL,
  `status` varchar(5) NOT NULL
) ENGINE=InnoDB  DEFAULT CHARSET=latin1 AUTO_INCREMENT=6 ;

--
-- Dumping data for table `time_frame`
--

INSERT INTO `time_frame` (`tf_id`, `from_date`, `to_date`, `term`, `status`) VALUES
(2, '2018-03-21', '2018-03-24', 'PRELIM', 'true'),
(3, '', '', 'MIDTERM', 'false'),
(4, '', '', 'SEMI-FINAL', 'false'),
(5, '', '', 'FINAL', 'false');

-- --------------------------------------------------------

--
-- Table structure for table `user_admin`
--

CREATE TABLE IF NOT EXISTS `user_admin` (
`admin_id` int(11) NOT NULL,
  `name` varchar(50) NOT NULL,
  `mobile` varchar(50) NOT NULL,
  `email` varchar(50) NOT NULL,
  `address` varchar(50) NOT NULL,
  `about` varchar(50) NOT NULL,
  `username` varchar(50) NOT NULL,
  `password` varchar(50) NOT NULL,
  `image` varchar(255) NOT NULL
) ENGINE=InnoDB  DEFAULT CHARSET=latin1 AUTO_INCREMENT=3 ;

--
-- Dumping data for table `user_admin`
--

INSERT INTO `user_admin` (`admin_id`, `name`, `mobile`, `email`, `address`, `about`, `username`, `password`, `image`) VALUES
(2, 'CGV', '09196933482', 'cgv.edu.com', 'Talamban Cebu City', 'Time is Gold.', 'admin', '21232f297a57a5a743894a0e4a801fc3', 'cmic1.png');

--
-- Indexes for dumped tables
--

--
-- Indexes for table `api`
--
ALTER TABLE `api`
 ADD PRIMARY KEY (`api_id`);

--
-- Indexes for table `basic_grade`
--
ALTER TABLE `basic_grade`
 ADD PRIMARY KEY (`grade_id`);

--
-- Indexes for table `basic_report`
--
ALTER TABLE `basic_report`
 ADD PRIMARY KEY (`report_id`);

--
-- Indexes for table `basic_students`
--
ALTER TABLE `basic_students`
 ADD PRIMARY KEY (`stud_id`);

--
-- Indexes for table `basic_student_subjects`
--
ALTER TABLE `basic_student_subjects`
 ADD PRIMARY KEY (`id`);

--
-- Indexes for table `basic_subjects`
--
ALTER TABLE `basic_subjects`
 ADD PRIMARY KEY (`basic_subject_id`);

--
-- Indexes for table `basic_time_frame`
--
ALTER TABLE `basic_time_frame`
 ADD PRIMARY KEY (`tf_id`);

--
-- Indexes for table `deans_list`
--
ALTER TABLE `deans_list`
 ADD PRIMARY KEY (`id`);

--
-- Indexes for table `grades`
--
ALTER TABLE `grades`
 ADD PRIMARY KEY (`grade_id`);

--
-- Indexes for table `message`
--
ALTER TABLE `message`
 ADD PRIMARY KEY (`msg_id`);

--
-- Indexes for table `parents`
--
ALTER TABLE `parents`
 ADD PRIMARY KEY (`parent_id`);

--
-- Indexes for table `reports`
--
ALTER TABLE `reports`
 ADD PRIMARY KEY (`reports_id`);

--
-- Indexes for table `sbjt`
--
ALTER TABLE `sbjt`
 ADD PRIMARY KEY (`sbjt_id`);

--
-- Indexes for table `student`
--
ALTER TABLE `student`
 ADD PRIMARY KEY (`stud_id`);

--
-- Indexes for table `student_subjects`
--
ALTER TABLE `student_subjects`
 ADD PRIMARY KEY (`id`);

--
-- Indexes for table `subjects`
--
ALTER TABLE `subjects`
 ADD PRIMARY KEY (`sub_id`);

--
-- Indexes for table `teacher`
--
ALTER TABLE `teacher`
 ADD PRIMARY KEY (`teacher_id`);

--
-- Indexes for table `time_frame`
--
ALTER TABLE `time_frame`
 ADD PRIMARY KEY (`tf_id`);

--
-- Indexes for table `user_admin`
--
ALTER TABLE `user_admin`
 ADD PRIMARY KEY (`admin_id`);

--
-- AUTO_INCREMENT for dumped tables
--

--
-- AUTO_INCREMENT for table `api`
--
ALTER TABLE `api`
MODIFY `api_id` int(11) NOT NULL AUTO_INCREMENT,AUTO_INCREMENT=3;
--
-- AUTO_INCREMENT for table `basic_grade`
--
ALTER TABLE `basic_grade`
MODIFY `grade_id` int(11) NOT NULL AUTO_INCREMENT,AUTO_INCREMENT=24;
--
-- AUTO_INCREMENT for table `basic_students`
--
ALTER TABLE `basic_students`
MODIFY `stud_id` int(11) NOT NULL AUTO_INCREMENT,AUTO_INCREMENT=20180013;
--
-- AUTO_INCREMENT for table `basic_student_subjects`
--
ALTER TABLE `basic_student_subjects`
MODIFY `id` int(11) NOT NULL AUTO_INCREMENT,AUTO_INCREMENT=19;
--
-- AUTO_INCREMENT for table `basic_subjects`
--
ALTER TABLE `basic_subjects`
MODIFY `basic_subject_id` int(11) NOT NULL AUTO_INCREMENT,AUTO_INCREMENT=3;
--
-- AUTO_INCREMENT for table `basic_time_frame`
--
ALTER TABLE `basic_time_frame`
MODIFY `tf_id` int(11) NOT NULL AUTO_INCREMENT,AUTO_INCREMENT=5;
--
-- AUTO_INCREMENT for table `deans_list`
--
ALTER TABLE `deans_list`
MODIFY `id` int(11) NOT NULL AUTO_INCREMENT,AUTO_INCREMENT=2160;
--
-- AUTO_INCREMENT for table `grades`
--
ALTER TABLE `grades`
MODIFY `grade_id` int(11) NOT NULL AUTO_INCREMENT,AUTO_INCREMENT=705;
--
-- AUTO_INCREMENT for table `message`
--
ALTER TABLE `message`
MODIFY `msg_id` int(11) NOT NULL AUTO_INCREMENT,AUTO_INCREMENT=2;
--
-- AUTO_INCREMENT for table `parents`
--
ALTER TABLE `parents`
MODIFY `parent_id` int(11) NOT NULL AUTO_INCREMENT,AUTO_INCREMENT=2005;
--
-- AUTO_INCREMENT for table `reports`
--
ALTER TABLE `reports`
MODIFY `reports_id` int(11) NOT NULL AUTO_INCREMENT;
--
-- AUTO_INCREMENT for table `sbjt`
--
ALTER TABLE `sbjt`
MODIFY `sbjt_id` int(11) NOT NULL AUTO_INCREMENT,AUTO_INCREMENT=100117;
--
-- AUTO_INCREMENT for table `student`
--
ALTER TABLE `student`
MODIFY `stud_id` int(11) NOT NULL AUTO_INCREMENT,AUTO_INCREMENT=100043;
--
-- AUTO_INCREMENT for table `student_subjects`
--
ALTER TABLE `student_subjects`
MODIFY `id` int(11) NOT NULL AUTO_INCREMENT,AUTO_INCREMENT=704;
--
-- AUTO_INCREMENT for table `subjects`
--
ALTER TABLE `subjects`
MODIFY `sub_id` int(11) NOT NULL AUTO_INCREMENT,AUTO_INCREMENT=149;
--
-- AUTO_INCREMENT for table `teacher`
--
ALTER TABLE `teacher`
MODIFY `teacher_id` int(11) NOT NULL AUTO_INCREMENT,AUTO_INCREMENT=20170018;
--
-- AUTO_INCREMENT for table `time_frame`
--
ALTER TABLE `time_frame`
MODIFY `tf_id` int(11) NOT NULL AUTO_INCREMENT,AUTO_INCREMENT=6;
--
-- AUTO_INCREMENT for table `user_admin`
--
ALTER TABLE `user_admin`
MODIFY `admin_id` int(11) NOT NULL AUTO_INCREMENT,AUTO_INCREMENT=3;
/*!40101 SET CHARACTER_SET_CLIENT=@OLD_CHARACTER_SET_CLIENT */;
/*!40101 SET CHARACTER_SET_RESULTS=@OLD_CHARACTER_SET_RESULTS */;
/*!40101 SET COLLATION_CONNECTION=@OLD_COLLATION_CONNECTION */;
